{
  "DY1JetsToLL-LO": {
    "xs": 6077.22,
    "evt": 99536185
  },
  "DY2JetsToLL-LO": {
    "xs": 6077.22,
    "evt": 99536185
  },
  "DY3JetsToLL-LO": {
    "xs": 6077.22,
    "evt": 99536185
  },
  "DY4JetsToLL-LO": {
    "xs": 6077.22,
    "evt": 99536185
  },
  "DYJetsToLL": {
    "xs": 6077.22,
    "evt": 676319
  },
  "DYJetsToLL-LO": {
    "xs": 6077.22,
    "evt": 99536185
  },
  "DYJetsToLL_M-10-50-LO": {
    "xs": 18610.0,
    "evt": 39360792
  },
  "EWKWMinus2Jets": {
    "xs": 20.25,
    "evt": 4339758
  },
  "EWKWPlus2Jets": {
    "xs": 25.62,
    "evt": 4315942
  },
  "EWKZ2Jets": {
    "xs": 3.987,
    "evt": 926828
  },
  "T-t": {
    "xs": 136.02,
    "evt": 144094782
  },
  "T-tW-ext1": {
    "xs": 35.85,
    "evt": 9130081
  },
  "TTTo2L2Nu": {
    "xs": 88.29,
    "evt": 63617903
  },
  "TTToHadronic": {
    "xs": 377.96,
    "evt": 130943694
  },
  "TTToSemiLeptonic": {
    "xs": 365.34,
    "evt": 94682009
  },
  "Tbar-t": {
    "xs": 80.95,
    "evt": 70905837
  },
  "Tbar-tW-ext1": {
    "xs": 34.97,
    "evt": 7588155
  },
  "WJetsToLNu-LO": {
    "xs": 61526.7,
    "evt": 70911664
  },
  "W1JetsToLNu-LO": {
    "xs": 61526.7,
    "evt": 70911664
  },
  "W2JetsToLNu-LO": {
    "xs": 61526.7,
    "evt": 70911664
  },
  "W3JetsToLNu-LO": {
    "xs": 61526.7,
    "evt": 70911664
  },
  "W4JetsToLNu-LO": {
    "xs": 61526.7,
    "evt": 70911664
  },
  "WGToLNuG": {
    "xs": 510.6,
    "evt": 6105573
  },
  "WWToLNuQQ": {
    "xs": 45.99,
    "evt": 19126917
  },
  "WWTo1L1Nu2Q": {
    "xs": 45.99,
    "evt": 19126917
  },
  "WWTo2L2Nu": {
    "xs": 11.08,
    "evt": 7729266
  },
  "WZTo1L3Nu": {
    "xs": 3.293,
    "evt": 920352
  },
  "WZTo2L2Q": {
    "xs": 6.331,
    "evt": 16792108
  },
  "WZTo3LNu": {
    "xs": 5.052,
    "evt": 6727358
  },
  "WZTo3LNu-ext1": {
    "xs": 5.052,
    "evt": 6989086
  },
  "WZTo1L1Nu2Q": {
    "xs": 10.71,
    "evt": 6989086
  },
  "ZZTo2L2Nu-ext1": {
    "xs": 0.6008,
    "evt": 8371752
  },
  "ZZTo2L2Nu-ext2": {
    "xs": 0.6008,
    "evt": 47463438
  },
  "ZZTo2L2Q": {
    "xs": 3.688,
    "evt": 17163389
  },
  "ZZTo4L": {
    "xs": 1.325,
    "evt": 6622242
  },
  "ZZTo4L-ext": {
    "xs": 1.325,
    "evt": 95543038
  },
  "GluGluHToTauTauUncorrelatedDecay": {
    "xs": 3.045966,
    "evt": 95543038
  },
  "GluGluHToTauTauUncorrelatedDecay_Filtered": {
    "xs": 3.045966,
    "evt": 95543038
  },
  "GluGluHToTauTau_M-125": {
    "xs": 3.045966,
    "evt": 12409035
  },
  "GluGluHToWWTo2L2Nu_M-125": {
    "xs": 1.001,
    "evt": 989490
  },
  "JJH0PMToTauTauPlusZeroJets": {
    "xs": 1.6366,
    "evt": 989490
  },
  "JJH0PMToTauTauPlusZeroJets_Filtered": {
    "xs": 1.6366,
    "evt": 989490
  },
  "JJH0PMToTauTauPlusOneJets": {
    "xs": 0.9313,
    "evt": 989490
  },
  "JJH0PMToTauTauPlusOneJets_Filtered": {
    "xs": 0.9313,
    "evt": 989490
  },
  "JJH0PMToTauTauPlusTwoJets": {
    "xs": 0.4781,
    "evt": 989490
  },
  "JJH0PMToTauTauPlusTwoJets_Filtered": {
    "xs": 0.4781,
    "evt": 989490
  },
  "JJH0MToTauTauPlusZeroJets": {
    "xs": 1.6503,
    "evt": 989490
  },
  "JJH0MToTauTauPlusZeroJets_Filtered": {
    "xs": 1.6503,
    "evt": 989490
  },
  "JJH0MToTauTauPlusOneJets": {
    "xs": 0.9359,
    "evt": 989490
  },
  "JJH0MToTauTauPlusOneJets_Filtered": {
    "xs": 0.9359,
    "evt": 989490
  },
  "JJH0MToTauTauPlusTwoJets": {
    "xs": 0.4598,
    "evt": 989490
  },
  "JJH0MToTauTauPlusTwoJets_Filtered": {
    "xs": 0.4598,
    "evt": 989490
  },
  "JJH0Mf05ph0ToTauTauPlusZeroJets": {
    "xs": 1.6364,
    "evt": 989490
  },
  "JJH0Mf05ph0ToTauTauPlusZeroJets_Filtered": {
    "xs": 1.6364,
    "evt": 989490
  },
  "JJH0Mf05ph0ToTauTauPlusOneJets": {
    "xs": 0.9354,
    "evt": 989490
  },
  "JJH0Mf05ph0ToTauTauPlusOneJets_Filtered": {
    "xs": 0.9354,
    "evt": 989490
  },
  "JJH0Mf05ph0ToTauTauPlusTwoJets": {
    "xs": 0.4742,
    "evt": 989490
  },
  "JJH0Mf05ph0ToTauTauPlusTwoJets_Filtered": {
    "xs": 0.4742,
    "evt": 989490
  },
  "VBFHToTauTauUncorrelatedDecay": {
    "xs": 0.2371,
    "evt": 989490
  },
  "VBFHToTauTauUncorrelatedDecay_Filtered": {
    "xs": 0.2371,
    "evt": 989490
  },
  "VBFHToTauTau_M-125-ext1": {
    "xs": 0.2371,
    "evt": 2916340
  },
  "VBFHToWWTo2L2Nu_M-125": {
    "xs": 0.0858,
    "evt": 998128
  },
  "WminusHToTauTauUncorrelatedDecay": {
    "xs": 0.03340656,
    "evt": 998128
  },
  "WminusHToTauTauUncorrelatedDecay_Filtered": {
    "xs": 0.03340656,
    "evt": 998128
  },
  "WminusHToTauTau_M-125": {
    "xs": 0.03340656,
    "evt": 3502830
  },
  "WplusHToTauTauUncorrelatedDecay": {
    "xs": 0.052668,
    "evt": 3502830
  },
  "WplusHToTauTauUncorrelatedDecay_Filtered": {
    "xs": 0.052668,
    "evt": 3502830
  },
  "WplusHToTauTau_M-125": {
    "xs": 0.052668,
    "evt": 3573548
  },
  "ZHToTauTauUncorrelatedDecay_Filtered": {
    "xs": 0.05542,
    "evt": 3573548
  },
  "ZHToTauTau_M-125": {
    "xs": 0.05542,
    "evt": 4425913
  },
  "ttHiggs0MToTauTau": {
    "xs": 0.0318,
    "evt": 4425913
  },
  "ttHiggs0Mf05ph0ToTauTau": {
    "xs": 0.0318,
    "evt": 4425913
  },
  "ttHiggs0PMToTauTau": {
    "xs": 0.0318,
    "evt": 4425913
  },
  "VBFHiggs0L1ToTauTau": {
    "xs": 0.2371,
    "evt": 4425913
  },
  "VBFHiggs0L1ZgToTauTau": {
    "xs": 0.2371,
    "evt": 4425913
  },
  "VBFHiggs0L1Zgf05ph0ToTauTau": {
    "xs": 0.2371,
    "evt": 4425913
  },
  "VBFHiggs0L1f05ph0ToTauTau": {
    "xs": 0.2371,
    "evt": 4425913
  },
  "VBFHiggs0MToTauTau": {
    "xs": 0.2371,
    "evt": 4425913
  },
  "VBFHiggs0Mf05ph0ToTauTau": {
    "xs": 0.2371,
    "evt": 4425913
  },
  "VBFHiggs0PHToTauTau": {
    "xs": 0.2371,
    "evt": 4425913
  },
  "VBFHiggs0PHf05ph0ToTauTau": {
    "xs": 0.2371,
    "evt": 4425913
  },
  "VBFHiggs0PMToTauTau": {
    "xs": 0.2371,
    "evt": 4425913
  },
  "WHiggs0L1ToTauTau": {
    "xs": 0.08606,
    "evt": 4425913
  },
  "WHiggs0L1f05ph0ToTauTau": {
    "xs": 0.08606,
    "evt": 4425913
  },
  "WHiggs0MToTauTau": {
    "xs": 0.08606,
    "evt": 4425913
  },
  "WHiggs0Mf05ph0ToTauTau": {
    "xs": 0.08606,
    "evt": 4425913
  },
  "WHiggs0PHToTauTau": {
    "xs": 0.08606,
    "evt": 4425913
  },
  "WHiggs0PHf05ph0ToTauTau": {
    "xs": 0.08606,
    "evt": 4425913
  },
  "WHiggs0PMToTauTau": {
    "xs": 0.08606,
    "evt": 4425913
  },
  "ZHiggs0L1ToTauTau": {
    "xs": 0.05542,
    "evt": 4425913
  },
  "ZHiggs0L1ZgToTauTau": {
    "xs": 0.05542,
    "evt": 4425913
  },
  "ZHiggs0L1Zgf05ph0ToTauTau": {
    "xs": 0.05542,
    "evt": 4425913
  },
  "ZHiggs0L1f05ph0ToTauTau": {
    "xs": 0.05542,
    "evt": 4425913
  },
  "ZHiggs0MToTauTau": {
    "xs": 0.05542,
    "evt": 4425913
  },
  "ZHiggs0Mf05ph0ToTauTau": {
    "xs": 0.05542,
    "evt": 4425913
  },
  "ZHiggs0PHToTauTau": {
    "xs": 0.05542,
    "evt": 4425913
  },
  "ZHiggs0PHf05ph0ToTauTau": {
    "xs": 0.05542,
    "evt": 4425913
  },
  "ZHiggs0PMToTauTau": {
    "xs": 0.05542,
    "evt": 4425913
  },
  "SUSYGluGluToHToTauTau_M-80": {
    "xs": 1.0,
    "evt": 490000
  },
  "SUSYGluGluToBBHToTauTau_M-180": {
    "xs": 1.0,
    "evt": 479000
  },
  "SUSYGluGluToBBHToTauTau_M-450": {
    "xs": 1.0,
    "evt": 200000
  },
  "SUSYGluGluToHToTauTau_M-2600": {
    "xs": 1.0,
    "evt": 200000
  },
  "SUSYGluGluToHToTauTau_M-800": {
    "xs": 1.0,
    "evt": 190000
  },
  "SUSYGluGluToBBHToTauTau_M-100-NLO": {
    "xs": 1.0,
    "evt": 662264
  },
  "SUSYGluGluToBBHToTauTau_M-2300": {
    "xs": 1.0,
    "evt": 80000
  },
  "SUSYGluGluToBBHToTauTau_M-1200-NLO": {
    "xs": 1.0,
    "evt": 138026
  },
  "SUSYGluGluToBBHToTauTau_M-3200": {
    "xs": 1.0,
    "evt": 20000
  },
  "SUSYGluGluToBBHToTauTau_M-80-NLO": {
    "xs": 1.0,
    "evt": 653596
  },
  "SUSYGluGluToBBHToTauTau_M-1400": {
    "xs": 1.0,
    "evt": 184000
  },
  "SUSYGluGluToBBHToTauTau_M-120-NLO": {
    "xs": 1.0,
    "evt": 653566
  },
  "SUSYGluGluToHToTauTau_M-110": {
    "xs": 1.0,
    "evt": 460000
  },
  "SUSYGluGluToHToTauTau_M-400": {
    "xs": 1.0,
    "evt": 185000
  },