{
  "DY1JetsToLL-LO": {
    "xs": 6077.22,
    "evt": 95170542
  },
  "DY2JetsToLL-LO": {
    "xs": 6077.22,
    "evt": 95170542
  },
  "DY3JetsToLL-LO": {
    "xs": 6077.22,
    "evt": 95170542
  },
  "DY4JetsToLL-LO": {
    "xs": 6077.22,
    "evt": 95170542
  },
  "DYJetsToLL-LO": {
    "xs": 6077.22,
    "evt": 95170542
  },
  "DYJetsToLL_M-10to50-LO": {
    "xs": 18610,
    "evt": 25799525
  },
  "DYJetsToLL_0J-NLO": {
    "xs": 6077.22,
    "evt": 61046959
  },
  "DYJetsToLL_1J-NLO": {
    "xs": 6077.22,
    "evt": 61046959
  },
  "DYJetsToLL_2J-NLO": {
    "xs": 6077.22,
    "evt": 61046959
  },
  "DYJetsToLL-NLO": {
    "xs": 6077.22,
    "evt": 61046959
  },
  "EWKWMinus2Jets_WToLNu": {
    "xs": 20.25,
    "evt": 2248000
  },
  "EWKWPlus2Jets_WToLNu": {
    "xs": 25.62,
    "evt": 2185000
  },
  "EWKZ2Jets_ZToLL": {
    "xs": 3.987,
    "evt": 500000
  },
  "W1JetsToLNu-LO": {
    "xs": 61526.7,
    "evt": 74676454
  },
  "W2JetsToLNu-LO": {
    "xs": 61526.7,
    "evt": 74676454
  },
  "W3JetsToLNu-LO": {
    "xs": 61526.7,
    "evt": 74676454
  },
  "W4JetsToLNu-LO": {
    "xs": 61526.7,
    "evt": 74676454
  },
  "WJetsToLNu-LO": {
    "xs": 61526.7,
    "evt": 74676454
  },
  "TTTo2L2Nu": {
    "xs": 88.29,
    "evt": 37202074
  },
  "TTToHadronic": {
    "xs": 377.96,
    "evt": 96762262
  },
  "TTToSemiLeptonic": {
    "xs": 365.34,
    "evt": 131107536
  },
  "WZTo1L3Nu": {
    "xs": 3.416,
    "evt": 710207
  },
  "WZTo1L1Nu2Q": {
    "xs": 10.71,
    "evt": 2131873
  },
  "WZTo2Q2L": {
    "xs": 6.419,
    "evt": 9780392
  },
  "WZTo3LNu": {
    "xs": 5.213,
    "evt": 6363896
  },
  "WWTo1L1Nu2Q": {
    "xs": 49.997,
    "evt": 12074822
  },
  "WWTo2L2Nu": {
    "xs": 11.09,
    "evt": 3006596
  },
  "ZZTo2L2Nu": {
    "xs": 0.9738,
    "evt": 16826232
  },
  "ZZTo4L": {
    "xs": 1.256,
    "evt": 49189654
  },
  "WW": {
    "xs": 75.95,
    "evt": 49189654
  },
  "WZ": {
    "xs": 27.59,
    "evt": 49189654
  },
  "ZZ": {
    "xs": 12.17,
    "evt": 49189654
  },
  "WWZ": {
    "xs": 0.1707,
    "evt": 4674738
  },
  "WWZ-ext1": {
    "xs": 0.1707,
    "evt": 4674738
  },
  "WZZ": {
    "xs": 0.05709,
    "evt": 5042470
  },
  "WZZ-ext1": {
    "xs": 0.05709,
    "evt": 5042470
  },
  "WWW": {
    "xs": 0.2158,
    "evt": 4768918
  },
  "WWW-ext1": {
    "xs": 0.2158,
    "evt": 4768918
  },
  "ZZZ": {
    "xs": 0.01476,
    "evt": 4797810
  },
  "ZZZ-ext1": {
    "xs": 0.01476,
    "evt": 4797810
  },
  "WGToLNuG": {
    "xs": 489,
    "evt": 9714707
  },
  "Tbar-t": {
    "xs": 80.95,
    "evt": 24546678
  },
  "Tbar-tW": {
    "xs": 35.6,
    "evt": 2299866
  },
  "T-t": {
    "xs": 136.02,
    "evt": 52437432
  },
  "T-tW": {
    "xs": 35.6,
    "evt": 2299880
  },
  "GluGluHToTauTau_M125": {
    "xs": 3.045966,
    "evt": 6364054
  },
  "VBFHToTauTau_M125": {
    "xs": 0.2371,
    "evt": 1393088
  },
  "WminusHToTauTau_M125": {
    "xs": 0.03340,
    "evt": 1871897
  },
  "WplusHToTauTau_M125": {
    "xs": 0.05266,
    "evt": 1809670
  },
  "ZHToTauTau_M125": {
    "xs": 0.05542,
    "evt": 2337632
  },
  "ttHToTauTau_M125": {
    "xs": 0.0318,
    "evt": 10639028
  },
  "VBF_HToZZTo4L_M125": {
    "xs": 0.001038159,
    "evt": 10639028
  },
  "GluGlu_HToZZTo4L_M125": {
    "xs": 0.01333521,
    "evt": 10639028
  },
  "GluGluToContinToZZTo2e2mu": {
    "xs": 0.0031942,
    "evt": 10639028
  },
  "GluGluToContinToZZTo2e2nu": {
    "xs": 17.73,
    "evt": 10639028
  },
  "GluGluToContinToZZTo2e2tau": {
    "xs": 0.0031942,
    "evt": 10639028
  },
  "GluGluToContinToZZTo2mu2nu": {
    "xs": 17.73,
    "evt": 10639028
  },
  "GluGluToContinToZZTo2mu2tau": {
    "xs": 0.0031942,
    "evt": 10639028
  },
  "GluGluToContinToZZTo4e": {
    "xs": 0.00158529,
    "evt": 10639028
  },
  "GluGluToContinToZZTo4mu": {
    "xs": 0.00158529,
    "evt": 10639028
  },
  "GluGluToContinToZZTo4tau": {
    "xs": 0.00158529,
    "evt": 10639028
  },
  "SingleElectron": {
    "lumi": 19520
  },
  "SingleMuon": {
    "lumi": 19520
  },
  "Tau": {
    "lumi": 19520
  },
  "MuonEG": {
    "lumi": 19520
  }
}
