{
  "DY1JetsToLL-LO": {
    "xs": 6077.22,
    "evt": 199131108
  },
  "DY2JetsToLL-LO": {
    "xs": 6077.22,
    "evt": 199131108
  },
  "DY3JetsToLL-LO": {
    "xs": 6077.22,
    "evt": 199131108
  },
  "DY4JetsToLL-LO": {
    "xs": 6077.22,
    "evt": 199131108
  },
  "DYJetsToLL-LO": {
    "xs": 6077.22,
    "evt": 199131108
  },
  "DYJetsToLL-LO-ext1": {
    "xs": 6077.22,
    "evt": 199131108
  },
  "DYJetsToLL_M-10to50-LO": {
    "xs": 18610.0,
    "evt": 71919283
  },
  "DYJetsToLL-NLO": {
    "xs": 6077.22,
    "evt": 132089877
  },
  "DYJetsToLL_0J-NLO": {
    "xs": 6077.22,
    "evt": 132089877
  },
  "DYJetsToLL_1J-NLO": {
    "xs": 6077.22,
    "evt": 132089877
  },
  "DYJetsToLL_2J-NLO": {
    "xs": 6077.22,
    "evt": 132089877
  },
  "EWKWMinus2Jets_WToLNu": {
    "xs": 20.25,
    "evt": 4077000
  },
  "EWKWPlus2Jets_WToLNu": {
    "xs": 25.62,
    "evt": 3595000
  },
  "EWKZ2Jets_ZToLL": {
    "xs": 3.987,
    "evt": 579000
  },
  "WJetsToLNu-LO": {
    "xs": 61526.7,
    "evt": 78981243
  },
  "W1JetsToLNu-LO": {
    "xs": 61526.7,
    "evt": 78981243
  },
  "W2JetsToLNu-LO": {
    "xs": 61526.7,
    "evt": 78981243
  },
  "W3JetsToLNu-LO": {
    "xs": 61526.7,
    "evt": 78981243
  },
  "W4JetsToLNu-LO": {
    "xs": 61526.7,
    "evt": 78981243
  },
  "TTTo2L2Nu": {
    "xs": 88.29,
    "evt": 105859990
  },
  "TTToHadronic": {
    "xs": 377.96,
    "evt": 233815417
  },
  "TTToSemiLeptonic": {
    "xs": 365.34,
    "evt": 352462632
  },
  "WZTo1L3Nu": {
    "xs": 3.416,
    "evt": 1424400
  },
  "WZTo1L1Nu2Q": {
    "xs": 10.71,
    "evt": 4238880
  },
  "WZTo2Q2L": {
    "xs": 6.419,
    "evt": 18136498
  },
  "WZTo3LNu": {
    "xs": 5.213,
    "evt": 6826898
  },
  "WWTo1L1Nu2Q": {
    "xs": 49.997,
    "evt": 24026627
  },
  "WWTo2L2Nu": {
    "xs": 11.09,
    "evt": 7071358
  },
  "ZZTo2L2Nu": {
    "xs": 0.9738,
    "evt": 40753260
  },
  "ZZTo4L": {
    "xs": 1.256,
    "evt": 98378104
  },
  "WW": {
    "xs": 75.95,
    "evt": 98378104
  },
  "WZ": {
    "xs": 27.59,
    "evt": 98378104
  },
  "ZZ": {
    "xs": 12.17,
    "evt": 98378104
  },
  "WWZ": {
    "xs": 0.1707,
    "evt": 9175332
  },
  "WWZ-ext1": {
    "xs": 0.1707,
    "evt": 9175332
  },
  "WZZ": {
    "xs": 0.05709,
    "evt": 9254640
  },
  "WZZ-ext1": {
    "xs": 0.05709,
    "evt": 9254640
  },
  "WWW": {
    "xs": 0.2158,
    "evt": 9087470
  },
  "WWW-ext1": {
    "xs": 0.2158,
    "evt": 9087470
  },
  "ZZZ": {
    "xs": 0.01476,
    "evt": 8644726
  },
  "ZZZ-ext1": {
    "xs": 0.01476,
    "evt": 8644726
  },
  "WGToLNuG": {
    "xs": 510.6,
    "evt": 10302104
  },
  "Tbar-t": {
    "xs": 80.95,
    "evt": 65822940
  },
  "Tbar-tW": {
    "xs": 35.6,
    "evt": 5673700
  },
  "T-t": {
    "xs": 136.02,
    "evt": 121728252
  },
  "T-tW": {
    "xs": 35.6,
    "evt": 5648712
  },
  "GluGluHToTauTau_M125": {
    "xs": 3.045966,
    "evt": 12840494
  },
  "VBFHToTauTau_M125": {
    "xs": 0.2371,
    "evt": 2872344
  },
  "WminusHToTauTau_M125": {
    "xs": 0.03340,
    "evt": 3626452
  },
  "WplusHToTauTau_M125": {
    "xs": 0.05266,
    "evt": 3763258
  },
  "ZHToTauTau_M125": {
    "xs": 0.05542,
    "evt": 4701555
  },
  "ttHToTauTau_M125": {
    "xs": 0.0318,
    "evt": 21329710
  },
  "VBF_HToZZTo4L_M125": {
    "xs": 0.001038159,
    "evt": 21329710
  },
  "GluGlu_HToZZTo4L_M125": {
    "xs": 0.01333521,
    "evt": 21329710
  },
  "GluGluToContinToZZTo2e2mu": {
    "xs": 0.0031942,
    "evt": 21329710
  },
  "GluGluToContinToZZTo2e2nu": {
    "xs": 17.73,
    "evt": 21329710
  },
  "GluGluToContinToZZTo2e2tau": {
    "xs": 0.0031942,
    "evt": 21329710
  },
  "GluGluToContinToZZTo2mu2nu": {
    "xs": 17.73,
    "evt": 21329710
  },
  "GluGluToContinToZZTo2mu2tau": {
    "xs": 0.0031942,
    "evt": 21329710
  },
  "GluGluToContinToZZTo4e": {
    "xs": 0.00158529,
    "evt": 21329710
  },
  "GluGluToContinToZZTo4mu": {
    "xs": 0.00158529,
    "evt": 21329710
  },
  "GluGluToContinToZZTo4tau": {
    "xs": 0.00158529,
    "evt": 21329710
  },
  "SingleElectron": {
    "lumi": 41530
  },
  "SingleMuon": {
    "lumi": 41530
  },
  "Tau": {
    "lumi": 41530
  },
  "MuonEG": {
    "lumi": 41530
  }
}
