{
  "DY1JetsToLL-LO": {
    "xs": 6077.22,
    "evt": 100043797
  },
  "DY2JetsToLL-LO": {
    "xs": 6077.22,
    "evt": 100043797
  },
  "DY3JetsToLL-LO": {
    "xs": 6077.22,
    "evt": 100043797
  },
  "DY4JetsToLL-LO": {
    "xs": 6077.22,
    "evt": 100043797
  },
  "DYJetsToLL": {
    "xs": 6077.22,
    "evt": 676319
  },
  "DYJetsToLL-LO": {
    "xs": 6077.22,
    "evt": 100043797
  },
  "DYJetsToLL_M-10-50-LO": {
    "xs": 18610.0,
    "evt": 39360792
  },
  "EWKWMinus2Jets": {
    "xs": 20.25,
    "evt": 4417692
  },
  "EWKWPlus2Jets": {
    "xs": 25.62,
    "evt": 4367892
  },
  "EWKZ2Jets": {
    "xs": 3.987,
    "evt": 926828
  },
  "T-t": {
    "xs": 136.02,
    "evt": 144018248
  },
  "T-tW-ext1": {
    "xs": 35.85,
    "evt": 9553912
  },
  "TTTo2L2Nu": {
    "xs": 88.29,
    "evt": 61514936
  },
  "TTToHadronic": {
    "xs": 377.96,
    "evt": 132202627
  },
  "TTToSemiLeptonic": {
    "xs": 365.34,
    "evt": 96514045
  },
  "Tbar-t": {
    "xs": 80.95,
    "evt": 74227130
  },
  "Tbar-tW-ext1": {
    "xs": 34.97,
    "evt": 7553000
  },
  "WJetsToLNu-LO": {
    "xs": 61526.7,
    "evt": 70935699
  },
  "W1JetsToLNu-LO": {
    "xs": 61526.7,
    "evt": 70935699
  },
  "W2JetsToLNu-LO": {
    "xs": 61526.7,
    "evt": 70935699
  },
  "W3JetsToLNu-LO": {
    "xs": 61526.7,
    "evt": 70935699
  },
  "W4JetsToLNu-LO": {
    "xs": 61526.7,
    "evt": 70935699
  },
  "WGToLNuG": {
    "xs": 510.6,
    "evt": 6048399
  },
  "WWToLNuQQ": {
    "xs": 45.99,
    "evt": 19127022
  },
  "WWTo1L1Nu2Q": {
    "xs": 45.99,
    "evt": 19127022
  },
  "WWTo2L2Nu": {
    "xs": 11.08,
    "evt": 7729266
  },
  "WZTo1L3Nu": {
    "xs": 3.293,
    "evt": 920352
  },
  "WZTo2L2Q": {
    "xs": 6.331,
    "evt": 17048434
  },
  "WZTo3LNu": {
    "xs": 5.052,
    "evt": 13775796
  },
  "WZTo3LNu-ext1": {
    "xs": 5.052,
    "evt": 13775796
  },
  "WZTo1L1Nu2Q": {
    "xs": 10.71,
    "evt": 11227895
  },
  "ZZTo2L2Nu-ext1": {
    "xs": 0.6008,
    "evt": 56269604
  },
  "ZZTo2L2Nu-ext2": {
    "xs": 0.6008,
    "evt": 56269604
  },
  "ZZTo2L2Q": {
    "xs": 3.688,
    "evt": 17778980
  },
  "ZZTo4L": {
    "xs": 1.325,
    "evt": 104248002
  },
  "ZZTo4L-ext": {
    "xs": 1.325,
    "evt": 104248002
  },
  "GluGluHToTauTauUncorrelatedDecay": {
    "xs": 3.045966,
    "evt": 481283
  },
  "GluGluHToTauTauUncorrelatedDecay_Filtered": {
    "xs": 3.045966,
    "evt": 20199729,
    "eff": 0.2446
  },
  "GluGluHToTauTau_M-125": {
    "xs": 3.045966,
    "evt": 12348704
  },
  "GluGluHToWWTo2L2Nu_M-125": {
    "xs": 1.001,
    "evt": 989390
  },
  "JJH0PMToTauTauPlusZeroJets": {
    "xs": 1.6366,
    "evt": 393237
  },
  "JJH0PMToTauTauPlusZeroJets_Filtered": {
    "xs": 1.6366,
    "evt": 777811,
    "eff": 0.2389
  },
  "JJH0PMToTauTauPlusOneJets": {
    "xs": 0.9313,
    "evt": 222988
  },
  "JJH0PMToTauTauPlusOneJets_Filtered": {
    "xs": 0.9313,
    "evt": 1826063,
    "eff": 0.2437
  },
  "JJH0PMToTauTauPlusTwoJets": {
    "xs": 0.4781,
    "evt": 331942
  },
  "JJH0PMToTauTauPlusTwoJets_Filtered": {
    "xs": 0.4781,
    "evt": 6783517,
    "eff": 0.2895
  },
  "JJH0MToTauTauPlusZeroJets": {
    "xs": 1.6503,
    "evt": 406797
  },
  "JJH0MToTauTauPlusZeroJets_Filtered": {
    "xs": 1.6503,
    "evt": 830022,
    "eff": 0.2389
  },
  "JJH0MToTauTauPlusOneJets": {
    "xs": 0.9359,
    "evt": 236215
  },
  "JJH0MToTauTauPlusOneJets_Filtered": {
    "xs": 0.9359,
    "evt": 2661083,
    "eff": 0.2438
  },
  "JJH0MToTauTauPlusTwoJets": {
    "xs": 0.4598,
    "evt": 395052
  },
  "JJH0MToTauTauPlusTwoJets_Filtered": {
    "xs": 0.4598,
    "evt": 6938353,
    "eff": 0.2906
  },
  "JJH0Mf05ph0ToTauTauPlusZeroJets": {
    "xs": 3.2728,
    "evt": 393531
  },
  "JJH0Mf05ph0ToTauTauPlusZeroJets_Filtered": {
    "xs": 3.2728,
    "evt": 748714,
    "eff": 0.2389
  },
  "JJH0Mf05ph0ToTauTauPlusOneJets": {
    "xs": 1.8708,
    "evt": 296506
  },
  "JJH0Mf05ph0ToTauTauPlusOneJets_Filtered": {
    "xs": 1.8708,
    "evt": 2078392,
    "eff": 0.2436
  },
  "JJH0Mf05ph0ToTauTauPlusTwoJets": {
    "xs": 0.9484,
    "evt": 327857
  },
  "JJH0Mf05ph0ToTauTauPlusTwoJets_Filtered": {
    "xs": 0.9484,
    "evt": 6156657,
    "eff": 0.2900
  },
  "VBFHToTauTauUncorrelatedDecay": {
    "xs": 0.2371,
    "evt": 475388
  },
  "VBFHToTauTauUncorrelatedDecay_Filtered": {
    "xs": 0.2371,
    "evt": 24034325,
    "eff": 0.2513
  },
  "VBFHToTauTau_M-125-ext1": {
    "xs": 0.2371,
    "evt": 2967684
  },
  "VBFHToWWTo2L2Nu_M-125": {
    "xs": 0.0858,
    "evt": 998428
  },
  "WminusHToTauTauUncorrelatedDecay": {
    "xs": 0.03340656,
    "evt": 94658
  },
  "WminusHToTauTauUncorrelatedDecay_Filtered": {
    "xs": 0.03340656,
    "evt": 1797768,
    "eff": 0.2563
  },
  "WminusHToTauTau_M-125": {
    "xs": 0.03340656,
    "evt": 3636460
  },
  "WplusHToTauTauUncorrelatedDecay": {
    "xs": 0.052668,
    "evt": 93552
  },
  "WplusHToTauTauUncorrelatedDecay_Filtered": {
    "xs": 0.052668,
    "evt": 2605572,
    "eff": 0.2397
  },
  "WplusHToTauTau_M-125": {
    "xs": 0.052668,
    "evt": 3561658
  },
  "ZHToTauTauUncorrelatedDecay_Filtered": {
    "xs": 0.05542,
    "evt": 2912545,
    "eff": 0.2513
  },
  "ZHToTauTau_M-125": {
    "xs": 0.05542,
    "evt": 4424871
  },
  "ttHiggs0MToTauTau": {
    "xs": 0.0318,
    "evt": 4424871
  },
  "ttHiggs0Mf05ph0ToTauTau": {
    "xs": 0.0318,
    "evt": 4424871
  },
  "ttHiggs0PMToTauTau": {
    "xs": 0.0318,
    "evt": 4424871
  },
  "VBFHiggs0L1ToTauTau": {
    "xs": 0.2371,
    "evt": 1000000
  },
  "VBFHiggs0L1ZgToTauTau": {
    "xs": 0.2371,
    "evt": 1000000
  },
  "VBFHiggs0L1Zgf05ph0ToTauTau": {
    "xs": 0.2371,
    "evt": 972925
  },
  "VBFHiggs0L1f05ph0ToTauTau": {
    "xs": 0.2371,
    "evt": 976100
  },
  "VBFHiggs0MToTauTau": {
    "xs": 0.2371,
    "evt": 996000
  },
  "VBFHiggs0Mf05ph0ToTauTau": {
    "xs": 0.2371,
    "evt": 985500
  },
  "VBFHiggs0PHToTauTau": {
    "xs": 0.2371,
    "evt": 959704
  },
  "VBFHiggs0PHf05ph0ToTauTau": {
    "xs": 0.2371,
    "evt": 974000
  },
  "VBFHiggs0PMToTauTau": {
    "xs": 0.2371,
    "evt": 14883114
  },
  "WHiggs0L1ToTauTau": {
    "xs": 0.08606,
    "evt": 967600
  },
  "WHiggs0L1f05ph0ToTauTau": {
    "xs": 0.08606,
    "evt": 1000000
  },
  "WHiggs0MToTauTau": {
    "xs": 0.08606,
    "evt": 972700
  },
  "WHiggs0Mf05ph0ToTauTau": {
    "xs": 0.08606,
    "evt": 957100
  },
  "WHiggs0PHToTauTau": {
    "xs": 0.08606,
    "evt": 960400
  },
  "WHiggs0PHf05ph0ToTauTau": {
    "xs": 0.08606,
    "evt": 999200
  },
  "WHiggs0PMToTauTau": {
    "xs": 0.08606,
    "evt": 990000
  },
  "ZHiggs0L1ToTauTau": {
    "xs": 0.05542,
    "evt": 965600
  },
  "ZHiggs0L1ZgToTauTau": {
    "xs": 0.05542,
    "evt": 953600
  },
  "ZHiggs0L1Zgf05ph0ToTauTau": {
    "xs": 0.05542,
    "evt": 991900
  },
  "ZHiggs0L1f05ph0ToTauTau": {
    "xs": 0.05542,
    "evt": 983100
  },
  "ZHiggs0MToTauTau": {
    "xs": 0.05542,
    "evt": 995700
  },
  "ZHiggs0Mf05ph0ToTauTau": {
    "xs": 0.05542,
    "evt": 1000000
  },
  "ZHiggs0PHToTauTau": {
    "xs": 0.05542,
    "evt": 944800
  },
  "ZHiggs0PHf05ph0ToTauTau": {
    "xs": 0.05542,
    "evt": 972800
  },
  "ZHiggs0PMToTauTau": {
    "xs": 0.05542,
    "evt": 979000
  },
  "SingleElectron": {
    "lumi": 59740
  },
  "SingleMuon": {
    "lumi": 59740
  },
  "Tau": {
    "lumi": 59740
  },
  "MuonEG": {
    "lumi": 59740
  }
}
