{
  "DYJetsToLL-LO": {
    "xs": 6077.22,
    "evt": 97808057
  },
  "DY1JetsToLL-LO": {
    "xs": 6077.22,
    "evt": 97808057
  },
  "DY2JetsToLL-LO": {
    "xs": 6077.22,
    "evt": 97808057
  },
  "DY3JetsToLL-LO": {
    "xs": 6077.22,
    "evt": 97808057
  },
  "DY4JetsToLL-LO": {
    "xs": 6077.22,
    "evt": 97808057
  },
  "DYJetsToLL_M-10to50-LO": {
    "xs": 18610.0,
    "evt": 99515235
  },
  "DYJetsToLL-NLO": {
    "xs": 6077.22,
    "evt": 132322003
  },
  "DYJetsToLL_0J-NLO": {
    "xs": 6077.22,
    "evt": 132322003
  },
  "DYJetsToLL_1J-NLO": {
    "xs": 6077.22,
    "evt": 132322003
  },
  "DYJetsToLL_2J-NLO": {
    "xs": 6077.22,
    "evt": 132322003
  },
  "EWKWMinus2Jets_WToLNu": {
    "xs": 20.25,
    "evt": 4481476
  },
  "EWKWPlus2Jets_WToLNu": {
    "xs": 25.62,
    "evt": 4488000
  },
  "EWKZ2Jets_ZToLL": {
    "xs": 3.987,
    "evt": 1000000
  },
  "WJetsToLNu-LO": {
    "xs": 61526.7,
    "evt": 82650833
  },
  "W1JetsToLNu-LO": {
    "xs": 61526.7,
    "evt": 82650833
  },
  "W2JetsToLNu-LO": {
    "xs": 61526.7,
    "evt": 82650833
  },
  "W3JetsToLNu-LO": {
    "xs": 61526.7,
    "evt": 82650833
  },
  "W4JetsToLNu-LO": {
    "xs": 61526.7,
    "evt": 82650833
  },
  "TTTo2L2Nu": {
    "xs": 88.29,
    "evt": 146036026
  },
  "TTToHadronic": {
    "xs": 377.96,
    "evt": 344533884
  },
  "TTToSemiLeptonic": {
    "xs": 365.34,
    "evt": 490962668
  },
  "WZTo1L3Nu": {
    "xs": 3.416,
    "evt": 1431842
  },
  "WZTo1L1Nu2Q": {
    "xs": 10.71,
    "evt": 12130730
  },
  "WZTo2Q2L": {
    "xs": 6.419,
    "evt": 17820214
  },
  "WZTo3LNu": {
    "xs": 5.052,
    "evt": 6388753
  },
  "WWTo1L1Nu2Q": {
    "xs": 49.997,
    "evt": 11559318
  },
  "WWTo2L2Nu": {
    "xs": 11.09,
    "evt": 9956710
  },
  "ZZTo2L2Nu": {
    "xs": 0.9738,
    "evt": 56601346
  },
  "ZZTo4L": {
    "xs": 1.325,
    "evt": 98279504
  },
  "WW": {
    "xs": 75.95,
    "evt": 15670000
  },
  "WZ": {
    "xs": 27.59,
    "evt": 7986000
  },
  "ZZ": {
    "xs": 12.17,
    "evt": 3907000
  },
  "WWZ": {
    "xs": 0.1707,
    "evt": 224734
  },
  "WWZ-ext1": {
    "xs": 0.1707,
    "evt": 9062045
  },
  "WZZ": {
    "xs": 0.05709,
    "evt": 271866
  },
  "WZZ-ext1": {
    "xs": 0.05709,
    "evt": 9072486
  },
  "WWW": {
    "xs": 0.2158,
    "evt": 216852
  },
  "WWW-ext1": {
    "xs": 0.2158,
    "evt": 8927388
  },
  "ZZZ": {
    "xs": 0.01476,
    "evt": 222716
  },
  "ZZZ-ext1": {
    "xs": 0.01476,
    "evt": 8905364
  },
  "WGToLNuG": {
    "xs": 510.6,
    "evt": 9850083
  },
  "Tbar-t": {
    "xs": 80.95,
    "evt": 89066362
  },
  "Tbar-tW": {
    "xs": 34.97,
    "evt": 7700692
  },
  "T-t": {
    "xs": 136.02,
    "evt": 166284932
  },
  "T-tW": {
    "xs": 35.85,
    "evt": 7926614
  },
  "GluGluHToTauTau_M125": {
    "xs": 3.045966,
    "evt": 12607634
  },
  "VBFHToTauTau_M125": {
    "xs": 0.2371,
    "evt": 2983092
  },
  "WminusHToTauTau_M125": {
    "xs": 0.03340656,
    "evt": 3639052
  },
  "WplusHToTauTau_M125": {
    "xs": 0.052668,
    "evt": 3750588
  },
  "ttHToTauTau_M125": {
    "xs": 0.0318,
    "evt": 21185196
  },
  "EGamma": {
    "lumi": 59830
  },
  "SingleMuon": {
    "lumi": 59830
  },
  "Tau": {
    "lumi": 59830
  },
  "MuonEG": {
    "lumi": 59830
  }
}
