{
  "DY1JetsToLL-LO": {
    "xs": 6077.22,
    "evt": 103265734
  },
  "DY2JetsToLL-LO": {
    "xs": 6077.22,
    "evt": 103265734
  },
  "DY3JetsToLL-LO": {
    "xs": 6077.22,
    "evt": 103265734
  },
  "DY4JetsToLL-LO": {
    "xs": 6077.22,
    "evt": 103265734
  },
  "DYJetsToLL-LO": {
    "xs": 6077.22,
    "evt": 103265734
  },
  "DYJetsToLL_M-10to50-LO": {
    "xs": 18610.0,
    "evt": 70530127
  },
  "DYJetsToLL-NLO": {
    "xs": 6077.22,
    "evt": 132006980
  },
  "DYJetsToLL_0J-NLO": {
    "xs": 6077.22,
    "evt": 132006980
  },
  "DYJetsToLL_1J-NLO": {
    "xs": 6077.22,
    "evt": 132006980
  },
  "DYJetsToLL_2J-NLO": {
    "xs": 6077.22,
    "evt": 132006980
  },
  "EWKWMinus2Jets_WToLNu": {
    "xs": 20.25,
    "evt": 4482000
  },
  "EWKWPlus2Jets_WToLNu": {
    "xs": 25.62,
    "evt": 4497000
  },
  "EWKZ2Jets_ZToLL": {
    "xs": 3.987,
    "evt": 978436
  },
  "WJetsToLNu-LO": {
    "xs": 61526.7,
    "evt": 81204986
  },
  "W1JetsToLNu-LO": {
    "xs": 61526.7,
    "evt": 81204986
  },
  "W2JetsToLNu-LO": {
    "xs": 61526.7,
    "evt": 81204986
  },
  "W3JetsToLNu-LO": {
    "xs": 61526.7,
    "evt": 81204986
  },
  "W4JetsToLNu-LO": {
    "xs": 61526.7,
    "evt": 81204986
  },
  "TTTo2L2Nu": {
    "xs": 88.29,
    "evt": 106075124
  },
  "TTToHadronic": {
    "xs": 377.96,
    "evt": 246951349
  },
  "TTToSemiLeptonic": {
    "xs": 365.34,
    "evt": 352728952
  },
  "WZTo1L3Nu": {
    "xs": 3.416,
    "evt": 1424400
  },
  "WZTo1L1Nu2Q": {
    "xs": 10.71,
    "evt": 4232528
  },
  "WZTo2Q2L": {
    "xs": 6.419,
    "evt": 18136498
  },
  "WZTo3LNu": {
    "xs": 5.213,
    "evt": 6516818
  },
  "WWTo1L1Nu2Q": {
    "xs": 49.997,
    "evt": 24015187
  },
  "WWTo2L2Nu": {
    "xs": 11.09,
    "evt": 7061394
  },
  "ZZTo2L2Nu": {
    "xs": 0.9738,
    "evt": 40739402
  },
  "ZZTo4L": {
    "xs": 1.325,
    "evt": 97476053
  },
  "WW": {
    "xs": 75.95,
    "evt": 15883000
  },
  "WZ": {
    "xs": 27.59,
    "evt": 7898000
  },
  "ZZ": {
    "xs": 12.17,
    "evt": 2708000
  },
  "WWZ": {
    "xs": 0.1707,
    "evt": 161398
  },
  "WWZ-ext1": {
    "xs": 0.1707,
    "evt": 9022024
  },
  "WZZ": {
    "xs": 0.05709,
    "evt": 268438
  },
  "WZZ-ext1": {
    "xs": 0.05709,
    "evt": 8958992
  },
  "WWW": {
    "xs": 0.2158,
    "evt": 154830
  },
  "WWW-ext1": {
    "xs": 0.2158,
    "evt": 9046746
  },
  "ZZZ": {
    "xs": 0.01476,
    "evt": 158612
  },
  "ZZZ-ext1": {
    "xs": 0.01476,
    "evt": 8894546
  },
  "WGToLNuG": {
    "xs": 510.6,
    "evt": 10266079
  },
  "Tbar-t": {
    "xs": 80.95,
    "evt": 65382040
  },
  "Tbar-tW": {
    "xs": 35.6,
    "evt": 5482612
  },
  "T-t": {
    "xs": 136.02,
    "evt": 119140728
  },
  "T-tW": {
    "xs": 35.6,
    "evt": 5668712
  },
  "GluGluHToTauTau_M125": {
    "xs": 3.045966,
    "evt": 12828328
  },
  "VBFHToTauTau_M125": {
    "xs": 0.2371,
    "evt": 2847788
  },
  "WminusHToTauTau_M125": {
    "xs": 0.03340,
    "evt": 3626452
  },
  "WplusHToTauTau_M125": {
    "xs": 0.05266,
    "evt": 3675932
  },
  "ZHToTauTau_M125": {
    "xs": 0.05542,
    "evt": 4628725
  },
  "ttHToTauTau_M125": {
    "xs": 0.0318,
    "evt": 21249456
  },
  "SingleElectron": {
    "lumi": 41530
  },
  "SingleMuon": {
    "lumi": 41530
  },
  "Tau": {
    "lumi": 41530
  },
  "MuonEG": {
    "lumi": 41530
  }
}
