{
  "DY1JetsToLL-LO": {
    "xs": 6077.22,
    "evt": 199131108
  },
  "DY2JetsToLL-LO": {
    "xs": 6077.22,
    "evt": 199131108
  },
  "DY3JetsToLL-LO": {
    "xs": 6077.22,
    "evt": 199131108
  },
  "DY4JetsToLL-LO": {
    "xs": 6077.22,
    "evt": 199131108
  },
  "DYJetsToLL-LO": {
    "xs": 6077.22,
    "evt": 199131108
  },
  "DYJetsToLL-LO-ext1": {
    "xs": 6077.22,
    "evt": 199131108
  },
  "DYJetsToLL_M-10to50-LO": {
    "xs": 18610.0,
    "evt": 71919283
  },
  "DYJetsToLL-NLO": {
    "xs": 6077.22,
    "evt": 132089877
  },
  "DYJetsToLL_0J-NLO": {
    "xs": 6077.22,
    "evt": 132089877
  },
  "DYJetsToLL_1J-NLO": {
    "xs": 6077.22,
    "evt": 132089877
  },
  "DYJetsToLL_2J-NLO": {
    "xs": 6077.22,
    "evt": 132089877
  },
  "EWKWMinus2Jets_WToLNu": {
    "xs": 20.25,
    "evt": 4077000
  },
  "EWKWPlus2Jets_WToLNu": {
    "xs": 25.62,
    "evt": 3595000
  },
  "EWKZ2Jets_ZToLL": {
    "xs": 3.987,
    "evt": 579000
  },
  "WJetsToLNu-LO": {
    "xs": 61526.7,
    "evt": 78981243
  },
  "W1JetsToLNu-LO": {
    "xs": 61526.7,
    "evt": 78981243
  },
  "W2JetsToLNu-LO": {
    "xs": 61526.7,
    "evt": 78981243
  },
  "W3JetsToLNu-LO": {
    "xs": 61526.7,
    "evt": 78981243
  },
  "W4JetsToLNu-LO": {
    "xs": 61526.7,
    "evt": 78981243
  },
  "TTTo2L2Nu": {
    "xs": 88.29,
    "evt": 105859990
  },
  "TTToHadronic": {
    "xs": 377.96,
    "evt": 233815417
  },
  "TTToSemiLeptonic": {
    "xs": 365.34,
    "evt": 352462632
  },
  "WZTo1L3Nu": {
    "xs": 3.416,
    "evt": 1424400
  },
  "WZTo1L1Nu2Q": {
    "xs": 10.71,
    "evt": 4224210
  },
  "WZTo2Q2L": {
    "xs": 6.419,
    "evt": 18136498
  },
  "WZTo3LNu": {
    "xs": 5.213,
    "evt": 6826898
  },
  "WWTo1L1Nu2Q": {
    "xs": 49.997,
    "evt": 24018455
  },
  "WWTo2L2Nu": {
    "xs": 11.09,
    "evt": 7071358
  },
  "ZZTo2L2Nu": {
    "xs": 0.9738,
    "evt": 40753260
  },
  "ZZTo4L": {
    "xs": 1.256,
    "evt": 98378104
  },
  "WW": {
    "xs": 75.95,
    "evt": 98378104
  },
  "WZ": {
    "xs": 27.59,
    "evt": 98378104
  },
  "ZZ": {
    "xs": 12.17,
    "evt": 98378104
  },
  "WWZ": {
    "xs": 0.1707,
    "evt": 9175332
  },
  "WWZ-ext1": {
    "xs": 0.1707,
    "evt": 9175332
  },
  "WZZ": {
    "xs": 0.05709,
    "evt": 9254640
  },
  "WZZ-ext1": {
    "xs": 0.05709,
    "evt": 9254640
  },
  "WWW": {
    "xs": 0.2158,
    "evt": 9087470
  },
  "WWW-ext1": {
    "xs": 0.2158,
    "evt": 9087470
  },
  "ZZZ": {
    "xs": 0.01476,
    "evt": 8644726
  },
  "ZZZ-ext1": {
    "xs": 0.01476,
    "evt": 8644726
  },
  "WGToLNuG": {
    "xs": 510.6,
    "evt": 10302104
  },
  "Tbar-t": {
    "xs": 80.95,
    "evt": 65801940
  },
  "Tbar-tW": {
    "xs": 35.6,
    "evt": 5673700
  },
  "T-t": {
    "xs": 136.02,
    "evt": 121728252
  },
  "T-tW": {
    "xs": 35.6,
    "evt": 5648712
  },
  "GluGluHToTauTau_M125": {
    "xs": 3.045966,
    "evt": 12840494
  },
  "VBFHToTauTau_M125": {
    "xs": 0.2371,
    "evt": 2872344
  },
  "WminusHToTauTau_M125": {
    "xs": 0.03340,
    "evt": 3626452
  },
  "WplusHToTauTau_M125": {
    "xs": 0.05266,
    "evt": 3763258
  },
  "ZHToTauTau_M125": {
    "xs": 0.05542,
    "evt": 4701555
  },
  "ttHToTauTau_M125": {
    "xs": 0.0318,
    "evt": 4701555
  },
  "VBF_HToZZTo4L_M125": {
    "xs": 0.001038159,
    "evt": 498286
  },
  "GluGlu_HToZZTo4L_M125": {
    "xs": 0.01333521,
    "evt": 987728
  },
  "GluGluToContinToZZTo2e2mu": {
    "xs": 0.0031942,
    "evt": 500000
  },
  "GluGluToContinToZZTo2e2nu": {
    "xs": 17.73,
    "evt": 497000
  },
  "GluGluToContinToZZTo2e2tau": {
    "xs": 0.0031942,
    "evt": 498000
  },
  "GluGluToContinToZZTo2mu2nu": {
    "xs": 17.73,
    "evt": 500000
  },
  "GluGluToContinToZZTo2mu2tau": {
    "xs": 0.0031942,
    "evt": 500000
  },
  "GluGluToContinToZZTo4e": {
    "xs": 0.00158529,
    "evt": 997000
  },
  "GluGluToContinToZZTo4mu": {
    "xs": 0.00158529,
    "evt": 975090
  },
  "GluGluToContinToZZTo4tau": {
    "xs": 0.00158529,
    "evt": 499000
  },
  "ZstarTophi140A80To4Tau": {
    "xs": 0.1933,
    "evt": 185504
  },
  "ZstarTophi110A60To4Tau": {
    "xs": 0.5119,
    "evt": 184154
  },
  "ZstarTophi300A100To4Tau": {
    "xs": 0.01793,
    "evt": 187254
  },
  "ZstarTophi140A70To4Tau": {
    "xs": 0.2244,
    "evt": 185162
  },
  "ZstarTophi110A140To4Tau": {
    "xs": 0.1243,
    "evt": 185914
  },
  "ZstarTophi200A90To4Tau": {
    "xs": 0.06557,
    "evt": 186508
  },
  "ZstarTophi100A90To4Tau": {
    "xs": 0.352,
    "evt": 184822
  },
  "ZstarTophi200A125To4Tau": {
    "xs": 0.04541,
    "evt": 186310
  },
  "ZstarTophi100A100To4Tau": {
    "xs": 0.2902,
    "evt": 184892
  },
  "ZstarTophi300A70To4Tau": {
    "xs": 0.02187,
    "evt": 187270
  },
  "ZstarTophi250A125To4Tau": {
    "xs": 0.02537,
    "evt": 187250
  },
  "ZstarTophi160A125To4Tau": {
    "xs": 0.07622,
    "evt": 186532
  },
  "ZstarTophi250A160To4Tau": {
    "xs": 0.01883,
    "evt": 187472
  },
  "ZstarTophi100A125To4Tau": {
    "xs": 0.1848,
    "evt": 185616
  },
  "ZstarTophi300A90To4Tau": {
    "xs": 0.01921,
    "evt": 187240
  },
  "ZstarTophi125A140To4Tau": {
    "xs": 0.1008,
    "evt": 186408
  },
  "ZstarTophi110A80To4Tau": {
    "xs": 0.3472,
    "evt": 184858
  },
  "ZstarTophi100A60To4Tau": {
    "xs": 0.659,
    "evt": 183578
  },
  "ZstarTophi200A160To4Tau": {
    "xs": 0.0317,
    "evt": 187352
  },
  "ZstarTophi100A160To4Tau": {
    "xs": 0.105,
    "evt": 186468
  },
  "ZstarTophi180A90To4Tau": {
    "xs": 0.08766,
    "evt": 186390
  },
  "ZstarTophi110A90To4Tau": {
    "xs": 0.2884,
    "evt": 185074
  },
  "ZstarTophi110A70To4Tau": {
    "xs": 0.4198,
    "evt": 184270
  },
  "ZstarTophi125A70To4Tau": {
    "xs": 0.3035,
    "evt": 184990
  },
  "ZstarTophi300A80To4Tau": {
    "xs": 0.02051,
    "evt": 187282
  },
  "ZstarTophi160A160To4Tau": {
    "xs": 0.04988,
    "evt": 185162
  },
  "ZstarTophi180A125To4Tau": {
    "xs": 0.05837,
    "evt": 186890
  },
  "ZstarTophi200A60To4Tau": {
    "xs": 0.08911,
    "evt": 186820
  },
  "ZstarTophi250A100To4Tau": {
    "xs": 0.03143,
    "evt": 186962
  },
  "ZstarTophi200A70To4Tau": {
    "xs": 0.08062,
    "evt": 186414
  },
  "ZstarTophi140A160To4Tau": {
    "xs": 0.06333,
    "evt": 186658
  },
  "ZstarTophi300A125To4Tau": {
    "xs": 0.01501,
    "evt": 187260
  },
  "ZstarTophi160A90To4Tau": {
    "xs": 0.1193,
    "evt": 186152
  },
  "ZstarTophi250A80To4Tau": {
    "xs": 0.037,
    "evt": 187212
  },
  "ZstarTophi140A125To4Tau": {
    "xs": 0.1009,
    "evt": 186378
  },
  "ZstarTophi160A60To4Tau": {
    "xs": 0.1765,
    "evt": 185776
  },
  "ZstarTophi140A100To4Tau": {
    "xs": 0.1438,
    "evt": 186086
  },
  "ZstarTophi200A100To4Tau": {
    "xs": 0.05897,
    "evt": 186958
  },
  "ZstarTophi180A100To4Tau": {
    "xs": 0.07796,
    "evt": 186486
  },
  "ZstarTophi300A60To4Tau": {
    "xs": 0.02322,
    "evt": 187044
  },
  "ZstarTophi125A100To4Tau": {
    "xs": 0.1848,
    "evt": 185764
  },
  "ZstarTophi100A80To4Tau": {
    "xs": 0.4309,
    "evt": 184048
  },
  "ZstarTophi160A70To4Tau": {
    "xs": 0.1551,
    "evt": 185458
  },
  "ZstarTophi250A60To4Tau": {
    "xs": 0.04321,
    "evt": 186642
  },
  "ZstarTophi180A80To4Tau": {
    "xs": 0.09847,
    "evt": 186470
  },
  "ZstarTophi125A80To4Tau": {
    "xs": 0.2561,
    "evt": 184406
  },
  "ZstarTophi125A90To4Tau": {
    "xs": 0.2172,
    "evt": 185292
  },
  "ZstarTophi180A70To4Tau": {
    "xs": 0.1104,
    "evt": 186488
  },
  "ZstarTophi250A140To4Tau": {
    "xs": 0.02231,
    "evt": 187232
  },
  "ZstarTophi160A100To4Tau": {
    "xs": 0.105,
    "evt": 186362
  },
  "ZstarTophi125A60To4Tau": {
    "xs": 0.3604,
    "evt": 184488
  },
  "ZstarTophi160A80To4Tau": {
    "xs": 0.1361,
    "evt": 185810
  },
  "ZstarTophi110A160To4Tau": {
    "xs": 0.0922,
    "evt": 186494
  },
  "ZstarTophi250A70To4Tau": {
    "xs": 0.04007,
    "evt": 186000
  },
  "ZstarTophi180A140To4Tau": {
    "xs": 0.04938,
    "evt": 186924
  },
  "ZstarTophi125A125To4Tau": {
    "xs": 0.1256,