{
  "DY1JetsToLL-LO": {
    "xs": 6077.22,
    "evt": 97808057
  },
  "DY2JetsToLL-LO": {
    "xs": 6077.22,
    "evt": 97808057
  },
  "DY3JetsToLL-LO": {
    "xs": 6077.22,
    "evt": 97808057
  },
  "DY4JetsToLL-LO": {
    "xs": 6077.22,
    "evt": 97808057
  },
  "DYJetsToLL": {
    "xs": 6077.22,
    "evt": 97808057
  },
  "DYJetsToLL-LO": {
    "xs": 6077.22,
    "evt": 97808057
  },
  "DYJetsToLL_M-10-50-LO": {
    "xs": 18610.0,
    "evt": 97808057
  },
  "EWKWMinus2Jets_WToLNu": {
    "xs": 20.25,
    "evt": 4481476
  },
  "EWKWPlus2Jets_WToLNu": {
    "xs": 25.62,
    "evt": 4488000
  },
  "EWKZ2Jets_ZToLL": {
    "xs": 3.987,
    "evt": 1000000
  },
  "T-t": {
    "xs": 136.02,
    "evt": 166284932
  },
  "T-tW-ext1": {
    "xs": 35.85,
    "evt": 166284932
  },
  "TTTo2L2Nu": {
    "xs": 88.29,
    "evt": 146036026
  },
  "TTToHadronic": {
    "xs": 377.96,
    "evt": 344533884
  },
  "TTToSemiLeptonic": {
    "xs": 365.34,
    "evt": 1371034
  },
  "Tbar-t": {
    "xs": 80.95,
    "evt": 89066362
  },
  "Tbar-tW-ext1": {
    "xs": 34.97,
    "evt": 89066362
  },
  "WJetsToLNu-LO": {
    "xs": 61526.7,
    "evt": 82650833
  },
  "W1JetsToLNu-LO": {
    "xs": 61526.7,
    "evt": 82650833
  },
  "W2JetsToLNu-LO": {
    "xs": 61526.7,
    "evt": 82650833
  },
  "W3JetsToLNu-LO": {
    "xs": 61526.7,
    "evt": 82650833
  },
  "W4JetsToLNu-LO": {
    "xs": 61526.7,
    "evt": 82650833
  },
  "WGToLNuG": {
    "xs": 510.6,
    "evt": 9850083
  },
  "WWToLNuQQ": {
    "xs": 45.99,
    "evt": 9850083
  },
  "WWTo1L1Nu2Q": {
    "xs": 45.99,
    "evt": 11559318
  },
  "WWTo2L2Nu": {
    "xs": 11.08,
    "evt": 9956710
  },
  "WZTo1L3Nu": {
    "xs": 3.293,
    "evt": 9956710
  },
  "WZTo2L2Q": {
    "xs": 6.331,
    "evt": 9956710
  },
  "WZTo3LNu": {
    "xs": 5.052,
    "evt": 6388753
  },
  "WZTo3LNu-ext1": {
    "xs": 5.052,
    "evt": 6388753
  },
  "WZTo1L1Nu2Q": {
    "xs": 10.71,
    "evt": 12130730
  },
  "ZZTo2L2Nu-ext1": {
    "xs": 0.6008,
    "evt": 12130730
  },
  "ZZTo2L2Nu-ext2": {
    "xs": 0.6008,
    "evt": 12130730
  },
  "ZZTo2L2Q": {
    "xs": 3.688,
    "evt": 12130730
  },
  "ZZTo4L": {
    "xs": 1.325,
    "evt": 98279504
  },
  "ZZTo4L-ext": {
    "xs": 1.325,
    "evt": 98279504
  },
  "GluGluHToTauTauUncorrelatedDecay": {
    "xs": 3.045966,
    "evt": 98279504
  },
  "GluGluHToTauTauUncorrelatedDecay_Filtered": {
    "xs": 3.045966,
    "evt": 98279504
  },
  "GluGluHToTauTau_M-125": {
    "xs": 3.045966,
    "evt": 98279504
  },
  "GluGluHToWWTo2L2Nu_M-125": {
    "xs": 1.001,
    "evt": 98279504
  },
  "JJH0PMToTauTauPlusZeroJets": {
    "xs": 1.6366,
    "evt": 98279504
  },
  "JJH0PMToTauTauPlusZeroJets_Filtered": {
    "xs": 1.6366,
    "evt": 98279504
  },
  "JJH0PMToTauTauPlusOneJets": {
    "xs": 0.9313,
    "evt": 98279504
  },
  "JJH0PMToTauTauPlusOneJets_Filtered": {
    "xs": 0.9313,
    "evt": 98279504
  },
  "JJH0PMToTauTauPlusTwoJets": {
    "xs": 0.4781,
    "evt": 98279504
  },
  "JJH0PMToTauTauPlusTwoJets_Filtered": {
    "xs": 0.4781,
    "evt": 98279504
  },
  "JJH0MToTauTauPlusZeroJets": {
    "xs": 1.6503,
    "evt": 98279504
  },
  "JJH0MToTauTauPlusZeroJets_Filtered": {
    "xs": 1.6503,
    "evt": 98279504
  },
  "JJH0MToTauTauPlusOneJets": {
    "xs": 0.9359,
    "evt": 98279504
  },
  "JJH0MToTauTauPlusOneJets_Filtered": {
    "xs": 0.9359,
    "evt": 98279504
  },
  "JJH0MToTauTauPlusTwoJets": {
    "xs": 0.4598,
    "evt": 98279504
  },
  "JJH0MToTauTauPlusTwoJets_Filtered": {
    "xs": 0.4598,
    "evt": 98279504
  },
  "JJH0Mf05ph0ToTauTauPlusZeroJets": {
    "xs": 1.6364,
    "evt": 98279504
  },
  "JJH0Mf05ph0ToTauTauPlusZeroJets_Filtered": {
    "xs": 1.6364,
    "evt": 98279504
  },
  "JJH0Mf05ph0ToTauTauPlusOneJets": {
    "xs": 0.9354,
    "evt": 98279504
  },
  "JJH0Mf05ph0ToTauTauPlusOneJets_Filtered": {
    "xs": 0.9354,
    "evt": 98279504
  },
  "JJH0Mf05ph0ToTauTauPlusTwoJets": {
    "xs": 0.4742,
    "evt": 98279504
  },
  "JJH0Mf05ph0ToTauTauPlusTwoJets_Filtered": {
    "xs": 0.4742,
    "evt": 98279504
  },
  "VBFHToTauTauUncorrelatedDecay": {
    "xs": 0.2371,
    "evt": 98279504
  },
  "VBFHToTauTauUncorrelatedDecay_Filtered": {
    "xs": 0.2371,
    "evt": 98279504
  },
  "VBFHToTauTau_M-125-ext1": {
    "xs": 0.2371,
    "evt": 98279504
  },
  "VBFHToWWTo2L2Nu_M-125": {
    "xs": 0.0858,
    "evt": 98279504
  },
  "WminusHToTauTauUncorrelatedDecay": {
    "xs": 0.03340656,
    "evt": 98279504
  },
  "WminusHToTauTauUncorrelatedDecay_Filtered": {
    "xs": 0.03340656,
    "evt": 98279504
  },
  "WminusHToTauTau_M-125": {
    "xs": 0.03340656,
    "evt": 98279504
  },
  "WplusHToTauTauUncorrelatedDecay": {
    "xs": 0.052668,
    "evt": 98279504
  },
  "WplusHToTauTauUncorrelatedDecay_Filtered": {
    "xs": 0.052668,
    "evt": 98279504
  },
  "WplusHToTauTau_M-125": {
    "xs": 0.052668,
    "evt": 98279504
  },
  "ZHToTauTauUncorrelatedDecay_Filtered": {
    "xs": 0.05542,
    "evt": 98279504
  },
  "ZHToTauTau_M-125": {
    "xs": 0.05542,
    "evt": 98279504
  },
  "ttHiggs0MToTauTau": {
    "xs": 0.0318,
    "evt": 98279504
  },
  "ttHiggs0Mf05ph0ToTauTau": {
    "xs": 0.0318,
    "evt": 98279504
  },
  "ttHiggs0PMToTauTau": {
    "xs": 0.0318,
    "evt": 98279504
  },
  "VBFHiggs0L1ToTauTau": {
    "xs": 0.2371,
    "evt": 98279504
  },
  "VBFHiggs0L1ZgToTauTau": {
    "xs": 0.2371,
    "evt": 98279504
  },
  "VBFHiggs0L1Zgf05ph0ToTauTau": {
    "xs": 0.2371,
    "evt": 98279504
  },
  "VBFHiggs0L1f05ph0ToTauTau": {
    "xs": 0.2371,
    "evt": 98279504
  },
  "VBFHiggs0MToTauTau": {
    "xs": 0.2371,
    "evt": 98279504
  },
  "VBFHiggs0Mf05ph0ToTauTau": {
    "xs": 0.2371,
    "evt": 98279504
  },
  "VBFHiggs0PHToTauTau": {
    "xs": 0.2371,
    "evt": 98279504
  },
  "VBFHiggs0PHf05ph0ToTauTau": {
    "xs": 0.2371,
    "evt": 98279504
  },
  "VBFHiggs0PMToTauTau": {
    "xs": 0.2371,
    "evt": 98279504
  },
  "WHiggs0L1ToTauTau": {
    "xs": 0.08606,
    "evt": 98279504
  },
  "WHiggs0L1f05ph0ToTauTau": {
    "xs": 0.08606,
    "evt": 98279504
  },
  "WHiggs0MToTauTau": {
    "xs": 0.08606,
    "evt": 98279504
  },
  "WHiggs0Mf05ph0ToTauTau": {
    "xs": 0.08606,
    "evt": 98279504
  },
  "WHiggs0PHToTauTau": {
    "xs": 0.08606,
    "evt": 98279504
  },
  "WHiggs0PHf05ph0ToTauTau": {
    "xs": 0.08606,
    "evt": 98279504
  },
  "WHiggs0PMToTauTau": {
    "xs": 0.08606,
    "evt": 98279504
  },
  "ZHiggs0L1ToTauTau": {
    "xs": 0.05542,
    "evt": 98279504
  },
  "ZHiggs0L1ZgToTauTau": {
    "xs": 0.05542,
    "evt": 98279504
  },
  "ZHiggs0L1Zgf05ph0ToTauTau": {
    "xs": 0.05542,
    "evt": 98279504
  },
  "ZHiggs0L1f05ph0ToTauTau": {
    "xs": 0.05542,
    "evt": 98279504
  },
  "ZHiggs0MToTauTau": {
    "xs": 0.05542,
    "evt": 98279504
  },
  "ZHiggs0Mf05ph0ToTauTau": {
    "xs": 0.05542,
    "evt": 98279504
  },
  "ZHiggs0PHToTauTau": {
    "xs": 0.05542,
    "evt": 98279504
  },
  "ZHiggs0PHf05ph0ToTauTau": {
    "xs": 0.05542,
    "evt": 98279504
  },
  "ZHiggs0PMToTauTau": {
    "xs": 0.05542,
    "evt": 98279504
  },
  "VVTo2L2Nu": {
    "xs": 13.84,
    "evt": 98279504
  },
  "EGamma": {
    "lumi": 59740
  },
  "SingleMuon": {
    "lumi": 59740
  },
  "Tau": {
    "lumi": 59740
  },
  "MuonEG": {
    "lumi": 59740
  }
}
