{
  "DYJetsToLL": {
    "evt": 49877138,
    "evt_m": 0,
    "evt_p": 49877138,
    "xs": 5765.4
  },
  "DYJetsToLL_M-10to50": {
    "evt": 35079788,
    "evt_m": 0,
    "evt_p": 35079788,
    "xs": 18610.0
  },
  "SingleElectron": {
    "lumi": 12918.140703927
  },
  "SingleMuon": {
    "lumi": 12918.140703927
  },
  "TT": {
    "evt": 92925926,
    "evt_m": 0,
    "evt_p": 92925926,
    "xs": 831.76
  },
  "VVTo2L2Nu": {
    "evt": 1729819,
    "evt_m": 562709,
    "evt_p": 2292528,
    "xs": 11.95
  },
  "WJetsToLNu": {
    "evt": 27910266,
    "evt_m": 0,
    "evt_p": 27910266,
    "xs": 61526.7
  },
  "WWTo1L1Nu2Q": {
    "evt": 3239275,
    "evt_m": 981208,
    "evt_p": 4220483,
    "xs": 49.997
  },
  "WZJToLLLNu": {
    "evt": 1201549,
    "evt_m": 367975,
    "evt_p": 1569524,
    "xs": 4.42965
  },
  "WZTo1L1Nu2Q": {
    "evt": 11466086,
    "evt_m": 4138217,
    "evt_p": 15604303,
    "xs": 10.71
  },
  "WZTo1L3Nu": {
    "evt": 942046,
    "evt_m": 380863,
    "evt_p": 1322909,
    "xs": 3.05
  },
  "WZTo2L2Q": {
    "evt": 15393496,
    "evt_m": 5155580,
    "evt_p": 20549076,
    "xs": 5.595
  },
  "ZZTo2L2Q": {
    "evt": 9660541,
    "evt_m": 2820577,
    "evt_p": 12481118,
    "xs": 3.22
  },
  "ZZTo4L": {
    "evt": 7416622,
    "evt_m": 1665257,
    "evt_p": 9081879,
    "xs": 1.212
  }
}
