{
  "DY1JetsToLL-LO": {
    "xs": 6225.4,
    "evt": 145803217.0
  },
  "DY1JetsToLL_M-10-50-LO": {
    "xs": 1,
    "evt": 145803217.0
  },
  "DY2JetsToLL-LO": {
    "xs": 6225.4,
    "evt": 145803217.0
  },
  "DY3JetsToLL-LO": {
    "xs": 6225.4,
    "evt": 145803217.0
  },
  "DY4JetsToLL-LO": {
    "xs": 6225.4,
    "evt": 145803217.0
  },
  "DYJetsToLL-LO-ext1": {
    "xs": 6225.4,
    "evt": 145803217.0
  },
  "DYJetsToLL-LO-ext2": {
    "xs": 6225.4,
    "evt": 145803217.0
  },
  "DYJetsToLL_M-10-50-LO": {
    "xs": 18610,
    "evt": 35291435.0
  },
  "EWKWMinus2Jets_WToLNu-ext1": {
    "xs": 20.25,
    "evt": 490330.0
  },
  "EWKWMinus2Jets_WToLNu-ext2": {
    "xs": 20.25,
    "evt": 3841472.0
  },
  "EWKWMinus2Jets_WToLNu": {
    "xs": 20.25,
    "evt": 489205.0
  },
  "EWKWPlus2Jets_WToLNu-ext1": {
    "xs": 25.62,
    "evt": 500000.0
  },
  "EWKWPlus2Jets_WToLNu-ext2": {
    "xs": 25.62,
    "evt": 3939705.0
  },
  "EWKWPlus2Jets_WToLNu": {
    "xs": 25.62,
    "evt": 496000.0
  },
  "EWKZ2Jets_ZToLL-ext": {
    "xs": 3.987,
    "evt": 300000.0
  },
  "EWKZ2Jets_ZToLL": {
    "xs": 3.987,
    "evt": 300000.0
  },
  "GluGluToHToTauTau_M-125": {
    "xs": 3.045966,
    "evt": 1471061.0
  },
  "GluGluH2JetsToTauTau_M125_CPmixing_sm": {
    "xs": 0.399064,
    "evt": 1482400
  },
  "GluGluH2JetsToTauTau_M125_CPmixing_maxmix": {
    "xs": 0.798182,
    "evt": 1496800
  },
  "GluGluH2JetsToTauTau_M125_CPmixing_pseudoscalar": {
    "xs": 0.393961,
    "evt": 1478400
  },
  "GluGluToMaxmixHToTauTau_M125_amcatnloFXFX": {
    "xs": 3.045966,
    "evt": 1728080.0
  },
  "GluGluToHToTauTau_M125_amcatnloFXFX": {
    "xs": 3.045966,
    "evt": 1612810.0
  },
  "GluGluToPseudoscalarHToTauTau_M125_amcatnloFXFX": {
    "xs": 3.045966,
    "evt": 1751196.0
  },
  "GluGluToMaxmixHToTauTauPlusTwoJets_M125_amcatnloFXFX": {
    "xs": 3.045966,
    "evt": 1728080.0
  },
  "GluGluToHToTauTauPlusTwoJets_M125_amcatnloFXFX": {
    "xs": 3.045966,
    "evt": 1612810.0
  },
  "GluGluToPseudoscalarHToTauTauPlusTwoJets_M125_amcatnloFXFX": {
    "xs": 3.045966,
    "evt": 1751196.0
  },
  "GluGluHToTauTau_M125_NNLOPS": {
    "xs": 3.045966,
    "evt": 214096.0
  },
  "GluGluToHToTauTau_M-125-nospinner": {
    "xs": 3.045966,
    "evt": 4942600.0
  },
  "GluGluToHToTauTau_M-125-nospinner-filter": {
    "xs": 3.045966,
    "evt": 15252367.0,
    "eff": 0.2514
  },
  "T-t": {
    "xs": 136.02,
    "evt": 67240808.0
  },
  "T-tW": {
    "xs": 35.6,
    "evt": 6952830.0
  },
  "TT": {
    "xs": 831.76,
    "evt": 77081156.0
  },
  "Tbar-t": {
    "xs": 80.95,
    "evt": 38811017.0
  },
  "Tbar-tW": {
    "xs": 35.6,
    "evt": 6933094.0
  },
  "VBFHToTauTau_M-125": {
    "xs": 0.2371314,
    "evt": 1497048.0
  },
  "VBFHiggs0M_M-125": {
    "xs": 2.6707,
    "evt": 952800.0
  },
  "VBFHiggs0Mf05ph0_M-125": {
    "xs": 0.47421,
    "evt": 916400.0 
  },
  "VBFHiggs0PM_M-125": {
    "xs": 0.2371314,
    "evt": 998600.0
  },
  "VBFHToTauTau_M-125-nospinner": {
    "xs": 0.2371314,
    "evt": 4881664.0
  },
  "VBFHToTauTau_M-125-nospinner-filter": {
    "xs": 0.2371314,
    "evt": 9875845.0,
    "eff": 0.2825
  },
  "VVTo2L2Nu": {
    "xs": 11.95,
    "evt": 5913675.0
  },
  "VVTo2L2Nu-ext1": {
    "xs": 11.95,
    "evt": 5913675.0
  },
  "W1JetsToLNu-LO": {
    "xs": 61526.7,
    "evt": 86731806.0
  },
  "W2JetsToLNu-LO-ext": {
    "xs": 61526.7,
    "evt": 86731806.0
  },
  "W2JetsToLNu-LO": {
    "xs": 61526.7,
    "evt": 86731806.0
  },
  "W3JetsToLNu-LO": {
    "xs": 61526.7,
    "evt": 86731806.0
  },
  "W3JetsToLNu-LO-ext": {
    "xs": 61526.7,
    "evt": 86731806.0
  },
  "W4JetsToLNu-LO": {
    "xs": 61526.7,
    "evt": 86731806.0
  },
  "W4JetsToLNu-LO-ext1": {
    "xs": 61526.7,
    "evt": 86731806.0
  },
  "W4JetsToLNu-LO-ext2": {
    "xs": 61526.7,
    "evt": 86731806.0
  },
  "W4JetsToLNu-LO": {
    "xs": 61526.7,
    "evt": 86731806.0
  },
  "WGToLNuG-ext": {
    "xs": 489,
    "evt": 9800270.0
  },
  "WGToLNuG": {
    "xs": 489,
    "evt": 9800270.0
  },
  "WGstarToLNuEE": {
    "xs": 3.526,
    "evt": 2160196.0
  },
  "WGstarToLNuMuMu": {
    "xs": 2.793,
    "evt": 2218596.0
  },
  "WJetsToLNu-LO-ext": {
    "xs": 61526.7,
    "evt": 86731806.0
  },
  "WJetsToLNu-LO": {
    "xs": 61526.7,
    "evt": 86731806.0
  },
  "WWTo1L1Nu2Q": {
    "xs": 49.997,
    "evt": 3223676.0
  },
  "WZJToLLLNu": {
    "xs": 4.708,
    "evt": 1197418.0
  },
  "WZTo1L1Nu2Q": {
    "xs": 10.71,
    "evt": 14057875.0
  },
  "WZTo1L3Nu": {
    "xs": 3.05,
    "evt": 942046.0
  },
  "WZTo2L2Q": {
    "xs": 5.595,
    "evt": 15879472.0
  },
  "WminusHToTauTau_M-125": {
    "xs": 0.03340656,
    "evt": 420456.0
  },
  "WplusHToTauTau_M-125": {
    "xs": 0.052668,
    "evt": 402418.0
  },
  "WHiggs0M_M-125": {
    "xs": 5.6330289,
    "evt": 992800.0
  },
  "WHiggs0Mf05ph0_M-125": {
    "xs": 0.1721491, 
    "evt": 991000.0
  },
  "WHiggs0PM_M-125": {
    "xs": 0.08607456,
    "evt": 1000000.0
  },
  "ZHToTauTau_M-125": {
    "xs": 0.0554268,
    "evt": 536629.0
  },
  "ZHiggs0M_M-125": {
    "xs": 2.6708711,
    "evt": 962800.0
  },
  "ZHiggs0Mf05ph0_M-125": {
    "xs": 0.1108536,
    "evt": 998400.0  
  },
  "ZHiggs0PM_M-125": {
    "xs": 0.0554268,
    "evt": 965600.0
  },
  "ZZTo2L2Q": {
    "xs": 3.22,
    "evt": 9688612.0
  },
  "ZZTo4L-amcat": {
    "xs": 1.212,
    "evt": 7390052.0
  },
  "ZZTo4L": {
    "xs": 1.212,
    "evt": 7390052.0
  },
  "SingleElectron": {
    "lumi": 35867.060 
  },
  "SingleMuon": {
    "lumi": 35867.060 
  },
  "Tau": {
    "lumi": 35867.060 
  },
  "MuonEG": {
    "lumi": 35867.060 
  }
}
