{
  "DY1JetsToLL-LO": {
    "xs": 6077.22,
    "evt": 96905019
  },
  "DY1JetsToLL-LO-ext": {
    "xs": 6077.22,
    "evt": 96905019
  },
  "DY2JetsToLL-LO": {
    "xs": 6077.22,
    "evt": 96905019
  },
  "DY2JetsToLL-LO-ext": {
    "xs": 6077.22,
    "evt": 96905019
  },
  "DY3JetsToLL-LO": {
    "xs": 6077.22,
    "evt": 96905019
  },
  "DY3JetsToLL-LO-ext": {
    "xs": 6077.22,
    "evt": 96905019
  },
  "DY4JetsToLL-LO": {
    "xs": 6077.22,
    "evt": 96905019
  },
  "DYJetsToLL": {
    "xs": 6077.22,
    "evt": 18576627
  },
  "DYJetsToLL-LO": {
    "xs": 6077.22,
    "evt": 96905019
  },
  "DYJetsToLL-LO-ext1": {
    "xs": 6077.22,
    "evt": 96905019
  },
  "DYJetsToLL-ext": {
    "xs": 6077.22,
    "evt": 104282924
  },
  "DYJetsToLL_M-10-50-LO": {
    "xs": 18610.0,
    "evt": 77320921
  },
  "DYJetsToLL_M-10-50-LO-ext1": {
    "xs": 18610.0,
    "evt": 77320921
  },
  "DYJetsToLL_M-5-50-LO": {
    "xs": 81880.0,
    "evt": 39505301
  },
  "EWKWMinus2Jets": {
    "xs": 20.25,
    "evt": 4375628
  },
  "EWKWPlus2Jets": {
    "xs": 25.62,
    "evt": 4354695
  },
  "EWKZ2Jets": {
    "xs": 3.987,
    "evt": 951316
  },
  "GluGluHToTauTau_M-125": {
    "xs": 3.045966,
    "evt": 12031600.0
  },
  "GluGluHToTauTau_M-125-ext": {
    "xs": 3.045966,
    "evt": 12031600.0
  },
  "GluGluToHToTauTauPlusTwoJets_M125_amcatnloFXFX": {
    "xs": 3.045966,
    "evt": 7399444.0
  },
  "GluGluToHToTauTau_M125_amcatnloFXFX": {
    "xs": 3.045966,
    "evt": 7399444.0
  },
  "GluGluToMaxmixHToTauTauPlusTwoJets_M125_amcatnloFXFX": {
    "xs": 3.045966,
    "evt": 1752976.0
  },
  "GluGluToMaxmixHToTauTau_M125_amcatnloFXFX": {
    "xs": 3.045966,
    "evt": 1752976.0
  },
  "GluGluToPseudoscalarHToTauTauPlusTwoJets_M125_amcatnloFXFX": {
    "xs": 3.045966,
    "evt": 1829067.0
  },
  "GluGluToPseudoscalarHToTauTau_M125_amcatnloFXFX": {
    "xs": 3.045966,
    "evt": 1829067.0
  },
  "T-t": {
    "xs": 136.02,
    "evt": 5859326
  },
  "T-tW": {
    "xs": 35.6,
    "evt": 7593654
  },
  "TTTo2L2Nu": {
    "xs": 88.29,
    "evt": 8918978
  },
  "TTToHadronic": {
    "xs": 377.96,
    "evt": 41019500
  },
  "TTToSemiLeptonic": {
    "xs": 365.34,
    "evt": 41279468
  },
  "Tbar-t": {
    "xs": 80.95,
    "evt": 3563720
  },
  "Tbar-tW": {
    "xs": 35.6,
    "evt": 7904552
  },
  "VBFHToTauTau_M-125": {
    "xs": 0.2371,
    "evt": 2973256.0
  },
  "VBFHiggs0MToTauTau": {
    "xs": 2.6707,
    "evt": 956100.0
  },
  "VBFHiggs0Mf05ph0ToTauTau": { 
    "xs": 0.47421,
    "evt": 867300.0
  },
  "VBFHiggs0PMToTauTau": {
    "xs": 0.2371314,
    "evt": 951200.0
  },
  "WHiggs0MToTauTau": {
    "xs": 5.6330289,
    "evt": 965300.0
  },
  "WHiggs0Mf05ph0ToTauTau": {
    "xs": 0.1721491,
    "evt": 972400.0
  },
  "WHiggs0PMToTauTau": {
    "xs": 0.08607456,
    "evt": 983300.0
  },
  "ZHiggs0MToTauTau": {
    "xs": 2.6708711,
    "evt": 906400.0
  },
  "ZHiggs0Mf05ph0ToTauTau": {
    "xs": 0.1108536,
    "evt": 974600.0
  },
  "ZHiggs0PMToTauTau": {
    "xs": 0.0554268,
    "evt": 945200.0
  },
  "W1JetsToLNu-LO": {
    "xs": 61526.7,
    "evt": 77491020
  },
  "W2JetsToLNu-LO": {
    "xs": 61526.7,
    "evt": 77491020
  },
  "W3JetsToLNu-LO": {
    "xs": 61526.7,
    "evt": 77491020
  },
  "W4JetsToLNu-LO": {
    "xs": 61526.7,
    "evt": 77491020
  },
  "WGToLNuG": {
    "xs": 510.6,
    "evt": 6282853
  },
  "WJetsToLNu-LO": {
    "xs": 61526.7,
    "evt": 77491020
  },
  "WJetsToLNu-LO-ext": {
    "xs": 61526.7,
    "evt": 77491020
  },
  "WWTo1L1Nu2Q": {
    "xs": 49.997,
    "evt": 77491020
  },
  "WWTo2L2Nu": {
    "xs": 10.48,
    "evt": 1992522
  },
  "WWTo4Q": {
    "xs": 45.2,
    "evt": 3985044
  },
  "WWTo4Q-ext": {
    "xs": 45.2,
    "evt": 3985044
  },
  "WWToLNuQQ": {
    "xs": 49.997,
    "evt": 18705936
  },
  "WWToLNuQQ-ext": {
    "xs": 49.997,
    "evt": 18705936
  },
  "WZTo1L1Nu2Q": {
    "xs": 10.71,
    "evt": 11346944
  },
  "WZTo1L3Nu": {
    "xs": 3.05,
    "evt": 2717911
  },
  "WZTo2L2Q": {
    "xs": 5.595,
    "evt": 16404748
  },
  "WZTo3LNu": {
    "xs": 4.679,
    "evt": 6853508
  },
  "WminusHToTauTau_M-125": {
    "xs": 0.03340,
    "evt": 6853508
  },
  "WplusHToTauTau_M-125": {
    "xs": 0.05266,
    "evt": 6853508
  },
  "ZHToTauTau_M-125": {
    "xs": 0.05542,
    "evt": 6853508
  },
  "ZZTo2L2Nu": {
    "xs": 0.5644,
    "evt": 8351031
  },
  "ZZTo2L2Q": {
    "xs": 3.22,
    "evt": 17031567
  },
  "ZZTo2Q2Nu": {
    "xs": 4.033,
    "evt": 17031567
  },
  "ZZTo4L": {
    "xs": 1.212,
    "evt": 102126906
  },
  "ZZTo4L-ext": {
    "xs": 1.212,
    "evt": 102126906
  },
  "SingleElectron": {
    "lumi": 41859.517
  },
  "SingleMuon": {
    "lumi": 41859.517
  },
  "Tau": {
    "lumi": 41859.517
  },
  "MuonEG": {
    "lumi": 41859.517
  }
}
