{
  "DY1JetsToLL-LO": {
    "xs": 6225.4,
    "evt": 100114403.0
  },
  "DY2JetsToLL-LO": {
    "xs": 6225.4,
    "evt": 100114403.0
  },
  "DY3JetsToLL-LO": {
    "xs": 6225.4,
    "evt": 100114403.0
  },
  "DY4JetsToLL-LO": {
    "xs": 6225.4,
    "evt": 100114403.0
  },
  "DYJetsToLL": {
    "xs": 6225.4,
    "evt": 676319.0
  },
  "DYJetsToLL-LO": {
    "xs": 6225.4,
    "evt": 100114403.0
  },
  "DYJetsToLL_M-10-50-LO": {
    "xs": 18610.0,
    "evt": 39360792.0
  },
  "EWKWMinus2Jets": {
    "xs": 20.25,
    "evt": 4417692.0
  },
  "EWKWPlus2Jets": {
    "xs": 25.62,
    "evt": 4367892.0
  },
  "EWKZ2Jets": {
    "xs": 3.987,
    "evt": 926828.0
  },
  "GluGluHToTauTau_M-125": {
    "xs": 3.045966,
    "evt": 12346460.0
  },
  "T-t": {
    "xs": 136.02,
    "evt": 139868736.0
  },
  "T-tW-ext1": {
    "xs": 35.85,
    "evt": 9553912.0
  },
  "TTTo2L2Nu": {
    "xs": 88.29,
    "evt": 63768218.0
  },
  "TTToHadronic": {
    "xs": 377.96,
    "evt": 91379972.0
  },
  "TTToSemiLeptonic": {
    "xs": 365.34,
    "evt": 98982128.0
  },
  "Tbar-t": {
    "xs": 80.95,
    "evt": 74227130.0
  },
  "Tbar-tW-ext1": {
    "xs": 34.97,
    "evt": 7488186.0
  },
  "VBFHToTauTau_M-125-ext1": {
    "xs": 0.2371,
    "evt": 1797530.0
  },
  "W1JetsToLNu-LO": {
    "xs": 61526.7,
    "evt": 70966439.0
  },
  "W2JetsToLNu-LO": {
    "xs": 61526.7,
    "evt": 70966439.0
  },
  "W3JetsToLNu-LO": {
    "xs": 61526.7,
    "evt": 70966439.0
  },
  "W4JetsToLNu-LO": {
    "xs": 61526.7,
    "evt": 70966439.0
  },
  "WGToLNuG": {
    "xs": 510.6,
    "evt": 6108058.0
  },
  "WJetsToLNu-LO": {
    "xs": 61526.7,
    "evt": 70966439.0
  },
  "WWTo2L2Nu": {
    "xs": 11.08,
    "evt": 7729266.0
  },
  "WWToLNuQQ": {
    "xs": 45.99,
    "evt": 19127022.0
  },
  "WWTo1L1Nu2Q": {
    "xs": 45.99,
    "evt": 2941220.0
  },
  "WZTo1L3Nu": {
    "xs": 3.293 ,
    "evt": 920352.0
  },
  "WZTo2L2Q": {
    "xs": 6.331,
    "evt": 17048434.0
  },
  "WZTo3LNu": {
    "xs": 5.052,
    "evt": 13789395.0
  },
  "WZTo3LNu-ext1": {
    "xs": 5.052,
    "evt": 13789395.0
  },
  "WminusHToTauTau_M-125": {
    "xs": 0.03340,
    "evt": 3689638.0
  },
  "WplusHToTauTau_M-125": {
    "xs": 0.05266,
    "evt": 3573548.0
  },
  "ZZTo2L2Nu-ext1": {
    "xs": 0.6008,
    "evt": 50263824.0
  },
  "ZZTo2L2Nu-ext2": {
    "xs": 0.6008,
    "evt": 50263824.0
  },
  "ZZTo2L2Q": {
    "xs": 3.688,
    "evt": 17815223.0
  },
  "ZZTo4L": {
    "xs": 1.325,
    "evt": 104528820.0
  },
  "ZZTo4L-ext": {
    "xs": 1.325,
    "evt": 104528820.0
  },
  "MuonEG": {
    "lumi": 58826.8469
  },
  "SingleMuon": {
    "lumi": 58826.8469
  },
  "Tau": {
    "lumi": 58826.8469
  },
  "EGamma": {
    "lumi": 58826.8469
  }
}
