{
  "DY1JetsToLL-LO": {
    "xs": 6225.4,
    "evt": 100112060.0
  },
  "DY2JetsToLL-LO": {
    "xs": 6225.4,
    "evt": 100112060.0
  },
  "DY3JetsToLL-LO": {
    "xs": 6225.4,
    "evt": 100112060.0
  },
  "DY4JetsToLL-LO": {
    "xs": 6225.4,
    "evt": 100112060.0
  },
  "DYJetsToLL": {
    "xs": 6225.4,
    "evt": 676319.0
  },
  "DYJetsToLL-LO": {
    "xs": 6225.4,
    "evt": 100112060.0
  },
  "DYJetsToLL_M-10-50-LO": {
    "xs": 18610.0,
    "evt": 39360792.0
  },
  "EWKWMinus2Jets": {
    "xs": 20.25,
    "evt": 4417692.0
  },
  "EWKWPlus2Jets": {
    "xs": 25.62,
    "evt": 4367892.0
  },
  "EWKZ2Jets": {
    "xs": 3.987,
    "evt": 926828.0
  },
  "GluGluHToTauTau_M-125": {
    "xs": 3.045966,
    "evt": 12346460.0
  },
  "T-t": {
    "xs": 136.02,
    "evt": 143782695.0
  },
  "T-tW-ext1": {
    "xs": 35.85,
    "evt": 9454340.0
  },
  "TTTo2L2Nu": {
    "xs": 88.29,
    "evt": 3769072.0
  },
  "TTToHadronic": {
    "xs": 377.96,
    "evt": 73957284.0
  },
  "TTToSemiLeptonic": {
    "xs": 365.34,
    "evt": 2511348.0
  },
  "Tbar-t": {
    "xs": 80.95,
    "evt": 1408062.0
  },
  "Tbar-tW-ext1": {
    "xs": 34.97,
    "evt": 7588180.0
  },
  "VBFHToTauTau_M-125-ext1": {
    "xs": 0.2371,
    "evt": 1797530.0
  },
  "W1JetsToLNu-LO": {
    "xs": 61526.7,
    "evt": 66293867.0
  },
  "W2JetsToLNu-LO": {
    "xs": 61526.7,
    "evt": 66293867.0
  },
  "W3JetsToLNu-LO": {
    "xs": 61526.7,
    "evt": 66293867.0
  },
  "W4JetsToLNu-LO": {
    "xs": 61526.7,
    "evt": 66293867.0
  },
  "WGToLNuG": {
    "xs": 510.6,
    "evt": 6108058.0
  },
  "WJetsToLNu-LO": {
    "xs": 61526.7,
    "evt": 66293867.0
  },
  "WWTo2L2Nu": {
    "xs": 11.08,
    "evt": 7729266.0
  },
  "WWToLNuQQ": {
    "xs": 45.99,
    "evt": 19127022.0
  },
  "WWTo1L1Nu2Q": {
    "xs": 45.99,
    "evt": 736922.0
  },
  "WZTo1L3Nu": {
    "xs": 3.293 ,
    "evt": 662968.0
  },
  "WZTo2L2Q": {
    "xs": 6.331,
    "evt": 15063388.0
  },
  "WZTo3LNu": {
    "xs": 5.052,
    "evt": 6691448.0
  },
  "WZTo3LNu-ext1": {
    "xs": 5.052,
    "evt": 6736551.0
  },
  "WminusHToTauTau_M-125": {
    "xs": 0.03340,
    "evt": 3689638.0
  },
  "WplusHToTauTau_M-125": {
    "xs": 0.05266,
    "evt": 3573548.0
  },
  "ZZTo2L2Nu-ext1": {
    "xs": 0.6008,
    "evt": 44546164.0
  },
  "ZZTo2L2Nu-ext2": {
    "xs": 0.6008,
    "evt": 44546164.0
  },
  "ZZTo2L2Q": {
    "xs": 3.688,
    "evt": 17774638.0
  },
  "ZZTo4L": {
    "xs": 1.325,
    "evt": 93705452.0
  },
  "ZZTo4L-ext": {
    "xs": 1.325,
    "evt": 93705452.0
  },
  "SingleElectron": {
    "lumi": 58826.8469
  },
  "SingleMuon": {
    "lumi": 58826.8469
  },
  "Tau": {
    "lumi": 58826.8469
  },
  "EGamma": {
    "lumi": 58826.8469
  }
}
