{
  "DY1JetsToLL-LO": {
    "xs": 6077.22,
    "evt": 99873581
  },
  "DY2JetsToLL-LO": {
    "xs": 6077.22,
    "evt": 99873581
  },
  "DY3JetsToLL-LO": {
    "xs": 6077.22,
    "evt": 99873581
  },
  "DY4JetsToLL-LO": {
    "xs": 6077.22,
    "evt": 99873581
  },
  "DYJetsToLL": {
    "xs": 6077.22,
    "evt": 676319
  },
  "DYJetsToLL-LO": {
    "xs": 6077.22,
    "evt": 99873581
  },
  "DYJetsToLL_M-10-50-LO": {
    "xs": 18610.0,
    "evt": 39340263
  },
  "EWKWMinus2Jets": {
    "xs": 20.25,
    "evt": 4417692
  },
  "EWKWPlus2Jets": {
    "xs": 25.62,
    "evt": 4367892
  },
  "EWKZ2Jets": {
    "xs": 3.987,
    "evt": 926828
  },
  "GluGluHToTauTau_M-125": {
    "xs": 3.045966,
    "evt": 12445446.0
  },
  "GluGluToHToTauTauPlusTwoJets_M125_amcatnloFXFX": {
    "xs": 3.045966,
    "evt": 951316
  },
  "GluGluToHToTauTau_M125_amcatnloFXFX": {
    "xs": 3.045966,
    "evt": 951316
  },
  "GluGluToMaxmixHToTauTauPlusTwoJets_M125_amcatnloFXFX": {
    "xs": 3.045966,
    "evt": 951316
  },
  "GluGluToMaxmixHToTauTau_M125_amcatnloFXFX": {
    "xs": 3.045966,
    "evt": 951316
  },
  "GluGluToPseudoscalarHToTauTauPlusTwoJets_M125_amcatnloFXFX": {
    "xs": 3.045966,
    "evt": 951316
  },
  "GluGluToPseudoscalarHToTauTau_M125_amcatnloFXFX": {
    "xs": 3.045966,
    "evt": 951316
  },
  "T-t": {
    "xs": 136.02,
    "evt": 144089804
  },
  "T-tW-ext1": {
    "xs": 35.85,
    "evt": 9517804
  },
  "TTTo2L2Nu": {
    "xs": 88.29,
    "evt": 63514319
  },
  "TTToHadronic": {
    "xs": 377.96,
    "evt": 132609021
  },
  "TTToSemiLeptonic": {
    "xs": 365.34,
    "evt": 99951890
  },
  "Tbar-t": {
    "xs": 80.95,
    "evt": 74227130
  },
  "Tbar-tW-ext1": {
    "xs": 34.97,
    "evt": 7479213
  },
  "VBFHToTauTau_M-125-ext1": {
    "xs": 0.2371,
    "evt": 2995958 
  },
  "WJetsToLNu-LO": {
    "xs": 61526.7,
    "evt": 70932275
  },
  "W1JetsToLNu-LO": {
    "xs": 61526.7,
    "evt": 70932275
  },
  "W2JetsToLNu-LO": {
    "xs": 61526.7,
    "evt": 70932275
  },
  "W3JetsToLNu-LO": {
    "xs": 61526.7,
    "evt": 70932275
  },
  "W4JetsToLNu-LO": {
    "xs": 61526.7,
    "evt": 70932275
  },
  "WGToLNuG": {
    "xs": 510.6,
    "evt": 6108058
  },
  "WWTo1L1Nu2Q": {
    "xs": 45.99,
    "evt": 2941220
  },
  "WWTo2L2Nu": {
    "xs": 11.08,
    "evt": 7729266
  },
  "WZTo1L3Nu": {
    "xs": 3.293,
    "evt": 920352
  },
  "WZTo2L2Q": {
    "xs": 6.331,
    "evt": 16921021
  },
  "WZTo3LNu": {
    "xs": 5.052,
    "evt": 13789395
  },
  "WZTo3LNu-ext1": {
    "xs": 5.052,
    "evt": 13789395
  },
  "ZZTo2L2Nu-ext1": {
    "xs": 0.6008,
    "evt": 56356048
  },
  "ZZTo2L2Nu-ext2": {
    "xs": 0.6008,
    "evt": 56356048
  },
  "ZZTo2L2Q": {
    "xs": 3.688,
    "evt": 17815223
  },
  "ZZTo4L": {
    "xs": 1.325,
    "evt": 104607182
  },
  "ZZTo4L-ext": {
    "xs": 1.325,
    "evt": 104607182
  },
  "VBFHToTauTau_M-125-ext1": {
    "xs": 0.2371,
    "evt": 2995958
  },
  "VBFHToTauTau_M-125-nospinner-filter": {
    "xs": 0.2371,
    "evt": 3129458,
    "eff": 0.2831
  },
  "VBFHiggs0MToTauTau": {
    "xs": 2.6707,
    "evt": 3129458
  },
  "VBFHiggs0Mf05ph0ToTauTau": {
    "xs": 0.47421,
    "evt": 3129458
  },
  "VBFHiggs0PMToTauTau": {
    "xs": 0.2371314,
    "evt": 3129458
  },
  "WHiggs0MToTauTau": {
    "xs": 5.6330289,
    "evt": 3129458
  },
  "WHiggs0Mf05ph0ToTauTau": {
    "xs": 0.1721491,
    "evt": 3129458
  },
  "WHiggs0PMToTauTau": {
    "xs": 0.08607456,
    "evt": 3129458
  },
  "ZHiggs0MToTauTau": {
    "xs": 2.6708711,
    "evt": 3129458
  },
  "ZHiggs0Mf05ph0ToTauTau": {
    "xs": 0.1108536,
    "evt": 3129458
  },
  "ZHiggs0PMToTauTau": {
    "xs": 0.0554268,
    "evt": 3129458
  },
  "GluGluToHToTauTauPlusTwoJets_M125_amcatnloFXFX": {
    "xs": 3.045966,
    "evt": 3761951
  },
  "GluGluToHToTauTau_M125_amcatnloFXFX": {
    "xs": 3.045966,
    "evt": 7833676
  },
  "GluGluToMaxmixHToTauTauPlusTwoJets_M125_amcatnloFXFX": {
    "xs": 3.045966,
    "evt": 5413199
  },
  "GluGluToMaxmixHToTauTau_M125_amcatnloFXFX": {
    "xs": 3.045966,
    "evt": 1803052
  },
  "GluGluToPseudoscalarHToTauTauPlusTwoJets_M125_amcatnloFXFX": {
    "xs": 3.045966,
    "evt": 5329008
  },
  "GluGluToPseudoscalarHToTauTau_M125_amcatnloFXFX": {
    "xs": 3.045966,
    "evt": 1879685
  },
  "GluGluToHToTauTau_M-125-nospinner-filter": {
    "xs": 3.045966,
    "evt": 4897561,
    "eff": 0.2537
  },
  "GluGluHToTauTau_M-125": {
    "xs": 3.045966,
    "evt": 12445446
  },
  "WminusHToTauTau_M-125": {
    "xs": 0.03340,
    "evt": 3689638
  },
  "WplusHToTauTau_M-125": {
    "xs": 0.05266,
    "evt": 3573548
  },
  "ZHToTauTau_M-125": {
    "xs": 0.05542,
    "evt": 4477852
  },
  "EGamma": {
    "lumi": 59740
  },
  "SingleMuon": {
    "lumi": 59740
  },
  "Tau": {
    "lumi": 59740
  },
  "MuonEG": {
    "lumi": 59740
  }
}
