{
  "DY1JetsToLL-LO": {
    "xs": 6077.22,
    "evt": 100035605
  },
  "DY2JetsToLL-LO": {
    "xs": 6077.22,
    "evt": 100035605
  },
  "DY3JetsToLL-LO": {
    "xs": 6077.22,
    "evt": 100035605
  },
  "DY4JetsToLL-LO": {
    "xs": 6077.22,
    "evt": 100035605
  },
  "DYJetsToLL": {
    "xs": 6077.22,
    "evt": 676319
  },
  "DYJetsToLL-LO": {
    "xs": 6077.22,
    "evt": 100035605
  },
  "DYJetsToLL_M-10-50-LO": {
    "xs": 18610.0,
    "evt": 39303588
  },
  "EWKWMinus2Jets": {
    "xs": 20.25,
    "evt": 4417692
  },
  "EWKWPlus2Jets": {
    "xs": 25.62,
    "evt": 4304544
  },
  "EWKZ2Jets": {
    "xs": 3.987,
    "evt": 926828
  },
  "T-t": {
    "xs": 136.02,
    "evt": 143676591
  },
  "T-tW-ext1": {
    "xs": 35.85,
    "evt": 9513566
  },
  "TTTo2L2Nu": {
    "xs": 88.29,
    "evt": 61200211
  },
  "TTToHadronic": {
    "xs": 377.96,
    "evt": 130495060
  },
  "TTToSemiLeptonic": {
    "xs": 365.34,
    "evt": 95198425
  },
  "Tbar-t": {
    "xs": 80.95,
    "evt": 74055231
  },
  "Tbar-tW-ext1": {
    "xs": 34.97,
    "evt": 7570632
  },
  "WJetsToLNu-LO": {
    "xs": 61526.7,
    "evt": 70548058
  },
  "W1JetsToLNu-LO": {
    "xs": 61526.7,
    "evt": 70548058
  },
  "W2JetsToLNu-LO": {
    "xs": 61526.7,
    "evt": 70548058
  },
  "W3JetsToLNu-LO": {
    "xs": 61526.7,
    "evt": 70548058
  },
  "W4JetsToLNu-LO": {
    "xs": 61526.7,
    "evt": 70548058
  },
  "WGToLNuG": {
    "xs": 510.6,
    "evt": 6108058
  },
  "WWToLNuQQ": {
    "xs": 45.99,
    "evt": 18964926
  },
  "WWTo1L1Nu2Q": {
    "xs": 45.99,
    "evt": 18964926
  },
  "WWTo2L2Nu": {
    "xs": 11.08,
    "evt": 7729266
  },
  "WZTo1L3Nu": {
    "xs": 3.293,
    "evt": 920352
  },
  "WZTo2L2Q": {
    "xs": 6.331,
    "evt": 17017195
  },
  "WZTo3LNu": {
    "xs": 5.052,
    "evt": 13762645
  },
  "WZTo3LNu-ext1": {
    "xs": 5.052,
    "evt": 13762645
  },
  "ZZTo2L2Nu-ext1": {
    "xs": 0.6008,
    "evt": 55774426
  },
  "ZZTo2L2Nu-ext2": {
    "xs": 0.6008,
    "evt": 55774426
  },
  "ZZTo2L2Q": {
    "xs": 3.688,
    "evt": 17733171
  },
  "ZZTo4L": {
    "xs": 1.325,
    "evt": 103836548
  },
  "ZZTo4L-ext": {
    "xs": 1.325,
    "evt": 103836548
  },
  "GluGluHToTauTauUncorrelatedDecay": {
    "xs": 3.045966,
    "evt": 481283
  },
  "GluGluHToTauTauUncorrelatedDecay_Filtered": {
    "xs": 3.045966,
    "evt": 20050291
  },
  "GluGluHToTauTau_M-125": {
    "xs": 3.045966,
    "evt": 12445446
  },
  "GluGluHToWWTo2L2Nu_M-125": {
    "xs": 1.001,
    "evt": 989490
  },
  "GluGluToHToTauTauPlusTwoJets_M125_amcatnloFXFX": {
    "xs": 3.045966,
    "evt": 3761951
  },
  "GluGluToHToTauTau_M-125-nospinner-filter": {
    "xs": 3.045966,
    "evt": 4851182
  },
  "GluGluToHToTauTau_M-125-nospinner": {
    "xs": 3.045966,
    "evt": 4931380
  },
  "GluGluToHToTauTau_M125_amcatnloFXFX": {
    "xs": 3.045966,
    "evt": 7713476
  },
  "GluGluToMaxmixHToTauTauPlusTwoJets_M125_amcatnloFXFX": {
    "xs": 3.045966,
    "evt": 5413183
  },
  "GluGluToMaxmixHToTauTau_M125_amcatnloFXFX": {
    "xs": 3.045966,
    "evt": 1792744
  },
  "GluGluToPseudoscalarHToTauTauPlusTwoJets_M125_amcatnloFXFX": {
    "xs": 3.045966,
    "evt": 5329008
  },
  "GluGluToPseudoscalarHToTauTau_M125_amcatnloFXFX": {
    "xs": 3.045966,
    "evt": 1846632
  },
  "JJH0MToTauTauPlusOneJets": {
    "xs": 3.045966,
    "evt": 236215
  },
  "JJH0MToTauTauPlusOneJets_Filtered": {
    "xs": 3.045966,
    "evt": 2661153
  },
  "JJH0MToTauTauPlusTwoJets": {
    "xs": 3.045966,
    "evt": 395052
  },
  "JJH0MToTauTauPlusTwoJets_Filtered": {
    "xs": 3.045966,
    "evt": 6957571
  },
  "JJH0MToTauTauPlusZeroJets": {
    "xs": 3.045966,
    "evt": 406797
  },
  "JJH0MToTauTauPlusZeroJets_Filtered": {
    "xs": 3.045966,
    "evt": 830022
  },
  "JJH0Mf05ph0ToTauTauPlusOneJets": {
    "xs": 3.045966,
    "evt": 830022
  },
  "JJH0Mf05ph0ToTauTauPlusOneJets_Filtered": {
    "xs": 3.045966,
    "evt": 2078196
  },
  "JJH0Mf05ph0ToTauTauPlusTwoJets": {
    "xs": 3.045966,
    "evt": 327857
  },
  "JJH0Mf05ph0ToTauTauPlusTwoJets_Filtered": {
    "xs": 3.045966,
    "evt": 6151600
  },
  "JJH0Mf05ph0ToTauTauPlusZeroJets": {
    "xs": 3.045966,
    "evt": 393531
  },
  "JJH0Mf05ph0ToTauTauPlusZeroJets_Filtered": {
    "xs": 3.045966,
    "evt": 738217
  },
  "JJH0PMToTauTauPlusOneJets": {
    "xs": 3.045966,
    "evt": 222988
  },
  "JJH0PMToTauTauPlusOneJets_Filtered": {
    "xs": 3.045966,
    "evt": 1826063
  },
  "JJH0PMToTauTauPlusTwoJets": {
    "xs": 3.045966,
    "evt": 331942
  },
  "JJH0PMToTauTauPlusTwoJets_Filtered": {
    "xs": 3.045966,
    "evt": 6848373
  },
  "JJH0PMToTauTauPlusZeroJets": {
    "xs": 3.045966,
    "evt": 393237
  },
  "JJH0PMToTauTauPlusZeroJets_Filtered": {
    "xs": 3.045966,
    "evt": 777811
  },
  "VBFHToTauTauUncorrelatedDecay": {
    "xs": 0.2371,
    "evt": 475388
  },
  "VBFHToTauTauUncorrelatedDecay_Filtered": {
    "xs": 0.2371,
    "evt": 24034325
  },
  "VBFHToTauTau_M-125-MM-filter": {
    "xs": 0.2371,
    "evt": 2487805
  },
  "VBFHToTauTau_M-125-PS-filter": {
    "xs": 0.2371,
    "evt": 1129503
  },
  "VBFHToTauTau_M-125-SM-filter": {
    "xs": 0.2371,
    "evt": 2436269
  },
  "VBFHToTauTau_M-125-ext1": {
    "xs": 0.2371,
    "evt": 2995958
  },
  "VBFHToTauTau_M-125-nospinner-filter": {
    "xs": 0.2371,
    "evt": 3092753
  },
  "VBFHToTauTau_M-126-nospinner": {
    "xs": 0.2371,
    "evt": 4979386
  },
  "VBFHToWWTo2L2Nu_M-125": {
    "xs": 0.0858,
    "evt": 930743
  },
  "VBFHiggs0L1ToTauTau": {
    "xs": 0.2371,
    "evt": 1000000
  },
  "VBFHiggs0L1ZgToTauTau": {
    "xs": 0.2371,
    "evt": 980168
  },
  "VBFHiggs0L1Zgf05ph0ToTauTau": {
    "xs": 0.2371,
    "evt": 972925
  },
  "VBFHiggs0L1f05ph0ToTauTau": {
    "xs": 0.2371,
    "evt": 976100
  },
  "VBFHiggs0MToTauTau": {
    "xs": 0.2371,
    "evt": 966525
  },
  "VBFHiggs0Mf05ph0ToTauTau": {
    "xs": 0.2371,
    "evt": 985500
  },
  "VBFHiggs0PHToTauTau": {
    "xs": 0.2371,
    "evt": 959980
  },
  "VBFHiggs0PHf05ph0ToTauTau": {
    "xs": 0.2371,
    "evt": 974000
  },
  "VBFHiggs0PMToTauTau": {
    "xs": 0.2371,
    "evt": 14837532
  },
  "WHiggs0L1ToTauTau": {
    "xs": 0.08606,
    "evt": 967600
  },
  "WHiggs0L1f05ph0ToTauTau": {
    "xs": 0.08606,
    "evt": 1000000
  },
  "WHiggs0MToTauTau": {
    "xs": 0.08606,
    "evt": 972700
  },
  "WHiggs0Mf05ph0ToTauTau": {
    "xs": 0.08606,
    "evt": 957100
  },
  "WHiggs0PHToTauTau": {
    "xs": 0.08606,
    "evt": 960400
  },
  "WHiggs0PHf05ph0ToTauTau": {
    "xs": 0.08606,
    "evt": 999200
  },
  "WHiggs0PMToTauTau": {
    "xs": 0.08606,
    "evt": 999200
  },
  "WminusHToTauTauUncorrelatedDecay": {
    "xs": 0.03340656,
    "evt": 94658
  },
  "WminusHToTauTauUncorrelatedDecay_Filtered": {
    "xs": 0.03340656,
    "evt": 1797768
  },
  "WminusHToTauTau_M-125": {
    "xs": 0.03340656,
    "evt": 3689638
  },
  "WplusHToTauTauUncorrelatedDecay": {
    "xs": 0.052668,
    "evt": 93552
  },
  "WplusHToTauTauUncorrelatedDecay_Filtered": {
    "xs": 0.052668,
    "evt": 2605572
  },
  "WplusHToTauTau_M-125": {
    "xs": 0.052668,
    "evt": 3523410
  },
  "ZHToTauTauUncorrelatedDecay_Filtered": {
    "xs": 0.0227088,
    "evt": 2912545
  },
  "ZHToTauTau_M-125": {
    "xs": 0.0227088,
    "evt": 4372788
  },
  "ZHiggs0L1ToTauTau": {
    "xs": 0.0227088,
    "evt": 965600
  },
  "ZHiggs0L1ZgToTauTau": {
    "xs": 0.0227088,
    "evt": 953600
  },
  "ZHiggs0L1Zgf05ph0ToTauTau": {
    "xs": 0.0227088,
    "evt": 991900
  },
  "ZHiggs0L1f05ph0ToTauTau": {
    "xs": 0.0227088,
    "evt": 955810
  },
  "ZHiggs0MToTauTau": {
    "xs": 0.0227088,
    "evt": 995700
  },
  "ZHiggs0Mf05ph0ToTauTau": {
    "xs": 0.0227088,
    "evt": 1000000
  },
  "ZHiggs0PHToTauTau": {
    "xs": 0.0227088,
    "evt": 966800
  },
  "ZHiggs0PHf05ph0ToTauTau": {
    "xs": 0.0227088,
    "evt": 972800
  },
  "ZHiggs0PMToTauTau": {
    "xs": 0.0227088,
    "evt": 979000
  },
  "ttHiggs0MToTauTau": {
    "xs": 0.0318,
    "evt": 894656
  },