{
  "DY1JetsToLL-LO": {
    "xs": 6225.4,
    "evt": 97714787.0
  },
  "DY2JetsToLL-LO": {
    "xs": 6225.4,
    "evt": 97714787.0
  },
  "DY2JetsToLL-LO-ext": {
    "xs": 6225.4,
    "evt": 97714787.0
  },
  "DY3JetsToLL-LO": {
    "xs": 6225.4,
    "evt": 97714787.0
  },
  "DY3JetsToLL-LO-ext": {
    "xs": 6225.4,
    "evt": 97714787.0
  },
  "DY4JetsToLL-LO": {
    "xs": 6225.4,
    "evt": 97714787.0
  },
  "DYJetsToLL": {
    "xs": 6225.4,
    "evt": 142009946.0
  },
  "DYJetsToLL-LO": {
    "xs": 6225.4,
    "evt": 97714787.0
  },
  "DYJetsToLL-LO-ext1": {
    "xs": 6225.4,
    "evt": 97714787.0
  },
  "DYJetsToLL-ext": {
    "xs": 6225.4,
    "evt": 142009946.0
  },
  "DYJetsToLL_M-10-50-LO": {
    "xs": 18610.0,
    "evt": 53100747.0
  },
  "DYJetsToLL_M-10-50-LO-ext1": {
    "xs": 18610.0,
    "evt": 53100747.0
  },
  "DYJetsToLL_M-5-50-LO": {
    "xs": 81880.0,
    "evt": 53100747.0
  },
  "EWKWMinus2Jets": {
    "xs": 20.25,
    "evt": 4375628.0
  },
  "EWKWPlus2Jets": {
    "xs": 25.62,
    "evt": 4354695.0
  },
  "EWKZ2Jets": {
    "xs": 3.987,
    "evt": 951316.0
  },
  "GluGluHToTauTau_M-125": {
    "xs": 3.045966,
    "evt": 12026512.0
  },
  "GluGluHToTauTau_M-125-ext": {
    "xs": 3.045966,
    "evt": 12026512.0
  },
  "GluGluToHToTauTauPlusTwoJets_M125_amcatnloFXFX": {
    "xs": 3.045966,
    "evt": 6802377.0
  },
  "GluGluToHToTauTau_M125_amcatnloFXFX": {
    "xs": 3.045966,
    "evt": 6802377.0
  },
  "GluGluToMaxmixHToTauTauPlusTwoJets_M125_amcatnloFXFX": {
    "xs": 3.045966,
    "evt": 1803052.0
  },
  "GluGluToMaxmixHToTauTau_M125_amcatnloFXFX": {
    "xs": 3.045966,
    "evt": 1803052.0
  },
  "GluGluToPseudoscalarHToTauTauPlusTwoJets_M125_amcatnloFXFX": {
    "xs": 3.045966,
    "evt": 1879685.0
  },
  "GluGluToPseudoscalarHToTauTau_M125_amcatnloFXFX": {
    "xs": 3.045966,
    "evt": 1879685.0
  },
  "T-t": {
    "xs": 136.02,
    "evt": 5865875.0
  },
  "T-tW": {
    "xs": 35.6,
    "evt": 7734344.0
  },
  "TTTo2L2Nu": {
    "xs": 88.29,
    "evt": 8634992.0
  },
  "TTToHadronic": {
    "xs": 377.96,
    "evt": 42357944.0
  },
  "TTToSemiLeptonic": {
    "xs": 365.34,
    "evt": 40888765.0
  },
  "Tbar-t": {
    "xs": 80.95,
    "evt": 3652340.0
  },
  "Tbar-tW": {
    "xs": 35.6,
    "evt": 7916640.0
  },
  "VBFHToTauTau_M-125": {
    "xs": 0.2371,
    "evt": 2971508.0
  },
  "W1JetsToLNu-LO": {
    "xs": 61526.7,
    "evt": 77631180.0
  },
  "W2JetsToLNu-LO": {
    "xs": 61526.7,
    "evt": 77631180.0
  },
  "W3JetsToLNu-LO": {
    "xs": 61526.7,
    "evt": 77631180.0
  },
  "W4JetsToLNu-LO": {
    "xs": 61526.7,
    "evt": 77631180.0
  },
  "WGToLNuG": {
    "xs": 510.6,
    "evt": 3576513.0
  },
  "WJetsToLNu-LO": {
    "xs": 61526.7,
    "evt": 77631180.0
  },
  "WJetsToLNu-LO-ext": {
    "xs": 61526.7,
    "evt": 77631180.0
  },
  "WWTo1L1Nu2Q": {
    "xs": 49.997,
    "evt": 77631180.0
  },
  "WWTo2L2Nu": {
    "xs": 10.48,
    "evt": 1992522.0
  },
  "WWTo4Q": {
    "xs": 45.2,
    "evt": 1992522.0
  },
  "WWTo4Q-ext": {
    "xs": 45.2,
    "evt": 1992522.0
  },
  "WWToLNuQQ": {
    "xs": 49.997,
    "evt": 18505287.0
  },
  "WWToLNuQQ-ext": {
    "xs": 49.997,
    "evt": 18505287.0
  },
  "WZTo1L1Nu2Q": {
    "xs": 10.71,
    "evt": 11347099.0
  },
  "WZTo1L3Nu": {
    "xs": 3.05,
    "evt": 2717911.0
  },
  "WZTo2L2Q": {
    "xs": 5.595,
    "evt": 16664610.0
  },
  "WZTo3LNu": {
    "xs": 4.679,
    "evt": 6820606.0
  },
  "WminusHToTauTau_M-125": {
    "xs": 0.03340,
    "evt": 3657584.0
  },
  "WplusHToTauTau_M-125": {
    "xs": 0.05266,
    "evt": 3777578.0
  },
  "ZHToTauTau_M-125": {
    "xs": 0.05542,
    "evt": 4652054.0
  },
  "ZZTo2L2Nu": {
    "xs": 0.5644,
    "evt": 8733658.0
  },
  "ZZTo2L2Q": {
    "xs": 3.22,
    "evt": 17745574.0
  },
  "ZZTo4L": {
    "xs": 1.212,
    "evt": 107690915.0
  },
  "ZZTo4L-ext": {
    "xs": 1.212,
    "evt": 107690915.0
  },
  "SingleElectron": {
    "lumi": 41859.517
  },
  "SingleMuon": {
    "lumi": 41859.517
  },
  "Tau": {
    "lumi": 41859.517
  },
  "MuonEG": {
    "lumi": 41859.517
  }
}
