{
  "DY1JetsToLL-LO": {
    "xs": 6077.22,
    "evt": 99873581
  },
  "DY2JetsToLL-LO": {
    "xs": 6077.22,
    "evt": 99873581
  },
  "DY3JetsToLL-LO": {
    "xs": 6077.22,
    "evt": 99873581
  },
  "DY4JetsToLL-LO": {
    "xs": 6077.22,
    "evt": 99873581
  },
  "DYJetsToLL": {
    "xs": 6077.22,
    "evt": 676319
  },
  "DYJetsToLL-LO": {
    "xs": 6077.22,
    "evt": 99873581
  },
  "DYJetsToLL_M-10-50-LO": {
    "xs": 18610.0,
    "evt": 39340263
  },
  "EWKWMinus2Jets": {
    "xs": 20.25,
    "evt": 4417692
  },
  "EWKWPlus2Jets": {
    "xs": 25.62,
    "evt": 4367892
  },
  "EWKZ2Jets": {
    "xs": 3.987,
    "evt": 926828
  },
  "GluGluToHToTauTauPlusTwoJets_M125_amcatnloFXFX": {
    "xs": 3.045966,
    "evt": 7833676
  },
  "GluGluToHToTauTau_M125_amcatnloFXFX": {
    "xs": 3.045966,
    "evt": 7833676
  },
  "GluGluToMaxmixHToTauTauPlusTwoJets_M125_amcatnloFXFX": {
    "xs": 3.045966,
    "evt": 1803052
  },
  "GluGluToMaxmixHToTauTau_M125_amcatnloFXFX": {
    "xs": 3.045966,
    "evt": 1803052
  },
  "GluGluToPseudoscalarHToTauTauPlusTwoJets_M125_amcatnloFXFX": {
    "xs": 3.045966,
    "evt": 1879685
  },
  "GluGluToPseudoscalarHToTauTau_M125_amcatnloFXFX": {
    "xs": 3.045966,
    "evt": 1879685
  },
  "T-t": {
    "xs": 136.02,
    "evt": 144089804
  },
  "T-tW-ext1": {
    "xs": 35.85,
    "evt": 9517804
  },
  "TTTo2L2Nu": {
    "xs": 88.29,
    "evt": 63514319
  },
  "TTToHadronic": {
    "xs": 377.96,
    "evt": 132609021
  },
  "TTToSemiLeptonic": {
    "xs": 365.34,
    "evt": 99951890
  },
  "Tbar-t": {
    "xs": 80.95,
    "evt": 74227130
  },
  "Tbar-tW-ext1": {
    "xs": 34.97,
    "evt": 7479213
  },
  "VBFHToTauTau_M-125-ext1": {
    "xs": 0.2371,
    "evt": 2995958 
  },
  "WJetsToLNu-LO": {
    "xs": 61526.7,
    "evt": 70932275
  },
  "W1JetsToLNu-LO": {
    "xs": 61526.7,
    "evt": 70932275
  },
  "W2JetsToLNu-LO": {
    "xs": 61526.7,
    "evt": 70932275
  },
  "W3JetsToLNu-LO": {
    "xs": 61526.7,
    "evt": 70932275
  },
  "W4JetsToLNu-LO": {
    "xs": 61526.7,
    "evt": 70932275
  },
  "WGToLNuG": {
    "xs": 510.6,
    "evt": 6108058
  },
  "WWTo1L1Nu2Q": {
    "xs": 45.99,
    "evt": 2941220
  },
  "WWTo2L2Nu": {
    "xs": 11.08,
    "evt": 7729266
  },
  "WZTo1L3Nu": {
    "xs": 3.293,
    "evt": 920352
  },
  "WZTo2L2Q": {
    "xs": 6.331,
    "evt": 16921021
  },
  "WWToLNuQQ": {
    "xs": 45.99,
    "evt" 19092251
  },
  "WZTo3LNu": {
    "xs": 5.052,
    "evt": 13789395
  },
  "WZTo3LNu-ext1": {
    "xs": 5.052,
    "evt": 13789395
  },
  "ZZTo2L2Nu-ext1": {
    "xs": 0.6008,
    "evt": 56356048
  },
  "ZZTo2L2Nu-ext2": {
    "xs": 0.6008,
    "evt": 56356048
  },
  "ZZTo2L2Q": {
    "xs": 3.688,
    "evt": 17815223
  },
  "ZZTo4L": {
    "xs": 1.325,
    "evt": 104607182
  },
  "ZZTo4L-ext": {
    "xs": 1.325,
    "evt": 104607182
  },
  "VBFHToTauTau_M-125-ext1": {
    "xs": 0.2371,
    "evt": 2995958
  },
  "VBFHToTauTau_M-125-nospinner-filter": {
    "xs": 0.2371,
    "evt": 3129458,
    "eff": 0.2831
  },
  "VBFHiggs0MToTauTau": {
    "xs": 2.6707,
    "evt": 3129458
  },
  "VBFHiggs0Mf05ph0ToTauTau": {
    "xs": 0.47421,
    "evt": 3129458
  },
  "VBFHiggs0PMToTauTau": {
    "xs": 0.2371314,
    "evt": 3129458
  },
  "WHiggs0MToTauTau": {
    "xs": 5.6330289,
    "evt": 3129458
  },
  "WHiggs0Mf05ph0ToTauTau": {
    "xs": 0.1721491,
    "evt": 3129458
  },
  "WHiggs0PMToTauTau": {
    "xs": 0.08607456,
    "evt": 3129458
  },
  "ZHiggs0MToTauTau": {
    "xs": 2.6708711,
    "evt": 3129458
  },
  "ZHiggs0Mf05ph0ToTauTau": {
    "xs": 0.1108536,
    "evt": 3129458
  },
  "ZHiggs0PMToTauTau": {
    "xs": 0.0554268,
    "evt": 3129458
  },
  "GluGluToHToTauTau_M-125-nospinner-filter": {
    "xs": 3.045966,
    "evt": 4897561,
    "eff": 0.2537
  },
  "GluGluHToTauTau_M-125": {
    "xs": 3.045966,
    "evt": 12445446
  },
  "WminusHToTauTau_M-125": {
    "xs": 0.03340,
    "evt": 3689638
  },
  "WplusHToTauTau_M-125": {
    "xs": 0.05266,
    "evt": 3573548
  },
  "ZHToTauTau_M-125": {
    "xs": 0.05542,
    "evt": 4477852
  },
  "JJH0PMToTauTauPlusZeroJets_Filtered": {
    "xs": 1.63657297477,
    "evt": 777811,
    "eff": 0.2438
  },
  "JJH0PMToTauTauPlusZeroJets": {
    "xs": 1.63657297477,
    "evt": 393237
  },
  "JJH0PMToTauTauPlusTwoJets_Filtered": {
    "xs": 0.478064899382,
    "evt": 5847609,
    "eff": 0.2895
  },
  "JJH0PMToTauTauPlusTwoJets": {
    "xs": 0.478064899382,
    "evt": 107914
  },
  "JJH0PMToTauTauPlusOneJets_Filtered": {
    "xs": 0.931328125848,
    "evt": 1512790,
    "eff": 0.2438
  },
  "JJH0PMToTauTauPlusOneJets": {
    "xs": 0.931328125848,
    "evt": 65355
  },
  "JJH0Mf05ph0ToTauTauPlusZeroJets_Filtered": {
    "xs": 1.63639439752,
    "evt": 65355,
    "eff": 0.2389
  },
  "JJH0Mf05ph0ToTauTauPlusZeroJets": {
    "xs": 1.63639439752,
    "evt": 28743
  },
  "JJH0Mf05ph0ToTauTauPlusTwoJets_Filtered": {
    "xs": 0.47418961404,
    "evt": 4255264,
    "eff": 0.2900
  },
  "JJH0Mf05ph0ToTauTauPlusTwoJets": {
    "xs": 0.47418961404,
    "evt": 180596
  },
  "JJH0Mf05ph0ToTauTauPlusOneJets_Filtered": {
    "xs": 0.935381988438,
    "evt": 1552953,
    "eff": 0.2436
  },
  "JJH0Mf05ph0ToTauTauPlusOneJets": {
    "xs": 0.935381988438,
    "evt": 156281
  },
  "JJH0MToTauTauPlusZeroJets_Filtered": {
    "xs": 1.65090952689,
    "evt": 830022,
    "eff": 0.2389
  },
  "JJH0MToTauTauPlusZeroJets": {
    "xs": 1.65090952689,
    "evt": 376567
  },
  "JJH0MToTauTauPlusTwoJets": {
    "xs": 0.45962534761,
    "evt": 4472981,
    "eff": 0.2908
  },
  "JJH0MToTauTauPlusTwoJets_Filtered": {
    "xs": 0.45962534761,
    "evt": 4472981,
    "eff": 0.2908
  },
  "JJH0MToTauTauPlusOneJets_Filtered": {
    "xs": 0.935431125498,
    "evt": 1364135,
    "eff": 0.2437
  },
  "JJH0MToTauTauPlusOneJets": {
    "xs": 0.935431125498,
    "evt": 57456
  },
  "ZHToTauTauUncorrelatedDecay_Filtered": {
    "xs": 0.05542,
    "evt": 691556,
    "eff": 0.2513
  },
  "WplusHToTauTauUncorrelatedDecay_Filtered": {
    "xs": 0.05266,
    "evt": 913701,
    "eff": 0.2397
  },
  "WminusHToTauTauUncorrelatedDecay_Filtered": {
    "xs": 0.03340,
    "evt": 1636278,
    "eff": 0.2563
  },
  "WminusHToTauTauUncorrelatedDecay": {
    "xs": 0.03340,
    "evt": 94658
  },
  "VBFHToTauTauUncorrelatedDecay_Filtered": {
    "xs": 0.2371,
    "evt": 20149254,
    "eff": 0.2695
  },
  "VBFHToTauTauUncorrelatedDecay": {
    "xs": 0.2371,
    "evt": 240698
  },
  "GluGluHToTauTauUncorrelatedDecay_Filtered": {
    "xs": 3.045966,
    "evt": 14056498,
    "eff": 0.2446
  },
  "GluGluHToTauTauUncorrelatedDecay": {
    "xs": 3.045966,
    "evt": 481283
  },
  "EGamma": {
    "lumi": 59740
  },
  "SingleMuon": {
    "lumi": 59740
  },
  "Tau": {
    "lumi": 59740
  },
  "MuonEG": {
    "lumi": 59740
  }
}
