{
  "DY1JetsToLL-LO": {
    "xs": 6077.22,
    "evt": 97525274
  },
  "DY1JetsToLL-LO-ext": {
    "xs": 6077.22,
    "evt": 97525274
  },
  "DY2JetsToLL-LO": {
    "xs": 6077.22,
    "evt": 97525274
  },
  "DY2JetsToLL-LO-ext": {
    "xs": 6077.22,
    "evt": 97525274
  },
  "DY3JetsToLL-LO": {
    "xs": 6077.22,
    "evt": 97525274
  },
  "DY3JetsToLL-LO-ext": {
    "xs": 6077.22,
    "evt": 97525274
  },
  "DY4JetsToLL-LO": {
    "xs": 6077.22,
    "evt": 97525274
  },
  "DYJetsToLL": {
    "xs": 6077.22,
    "evt": 264546403
  },
  "DYJetsToLL-LO": {
    "xs": 6077.22,
    "evt": 97525274
  },
  "DYJetsToLL-LO-ext1": {
    "xs": 6077.22,
    "evt": 97525274
  },
  "DYJetsToLL-ext": {
    "xs": 6077.22,
    "evt": 264546403
  },
  "DYJetsToLL_M-10-50-LO": {
    "xs": 18610.0,
    "evt": 78733354
  },
  "DYJetsToLL_M-10-50-LO-ext1": {
    "xs": 18610.0,
    "evt": 78733354
  },
  "EWKWMinus2Jets": {
    "xs": 20.25,
    "evt": 4375628
  },
  "EWKWPlus2Jets": {
    "xs": 25.62,
    "evt": 4354695
  },
  "EWKZ2Jets": {
    "xs": 3.987,
    "evt": 951316
  },
  "GluGluHToTauTau_M-125": {
    "xs": 3.045966,
    "evt": 2891556
  },
  "GluGluToHToTauTauPlusTwoJets_M125_amcatnloFXFX": {
    "xs": 3.045966,
    "evt": 7820754
  },
  "GluGluToHToTauTau_M125_amcatnloFXFX": {
    "xs": 3.045966,
    "evt": 7820754
  },
  "GluGluToMaxmixHToTauTauPlusTwoJets_M125_amcatnloFXFX": {
    "xs": 3.045966,
    "evt": 1803052
  },
  "GluGluToMaxmixHToTauTau_M125_amcatnloFXFX": {
    "xs": 3.045966,
    "evt": 1803052
  },
  "GluGluToPseudoscalarHToTauTauPlusTwoJets_M125_amcatnloFXFX": {
    "xs": 3.045966,
    "evt": 1879685
  },
  "GluGluToPseudoscalarHToTauTau_M125_amcatnloFXFX": {
    "xs": 3.045966,
    "evt": 1879685
  },
  "GluGluToHToTauTau_M-125-nospinner-filter": {
    "xs": 3.045966,
    "evt": 4897561
  },
  "T-t": {
    "xs": 136.02,
    "evt": 5859326
  },
  "T-tW": {
    "xs": 35.6,
    "evt": 7593654
  },
  "TTTo2L2Nu": {
    "xs": 88.29,
    "evt": 8918978
  },
  "TTToHadronic": {
    "xs": 377.96,
    "evt": 41019500
  },
  "TTToSemiLeptonic": {
    "xs": 365.34,
    "evt": 42076324
  },
  "Tbar-t": {
    "xs": 80.95,
    "evt": 3563720
  },
  "Tbar-tW": {
    "xs": 35.6,
    "evt": 7904552
  },
  "VBFHToTauTau_M-125": {
    "xs": 0.2371,
    "evt": 2973256
  },
  "VBFHToTauTau_M-125-nospinner-filter": {
    "xs": 0.2371,
    "evt": 3129458
  },
  "VBFHiggs0MToTauTau": {
    "xs": 2.6707,
    "evt": 956100
  },
  "VBFHiggs0Mf05ph0ToTauTau": {
    "xs": 0.47421,
    "evt": 867300
  },
  "VBFHiggs0PMToTauTau": {
    "xs": 0.2371314,
    "evt": 951200
  },
  "WHiggs0MToTauTau": {
    "xs": 5.6330289,
    "evt": 965300
  },
  "WHiggs0Mf05ph0ToTauTau": {
    "xs": 0.1721491,
    "evt": 972400
  },
  "WHiggs0PMToTauTau": {
    "xs": 0.08607456,
    "evt": 983300
  },
  "ZHiggs0MToTauTau": {
    "xs": 2.6708711,
    "evt": 906400
  },
  "ZHiggs0Mf05ph0ToTauTau": {
    "xs": 0.1108536,
    "evt": 974600
  },
  "ZHiggs0PMToTauTau": {
    "xs": 0.0554268,
    "evt": 945200
  },
  "GluGluToHToTauTauPlusTwoJets_M125_amcatnloFXFX": {
    "xs": 3.045966,
    "evt": 7820754
  },
  "GluGluToHToTauTau_M125_amcatnloFXFX": {
    "xs": 3.045966,
    "evt": 7820754
  },
  "GluGluToMaxmixHToTauTauPlusTwoJets_M125_amcatnloFXFX": {
    "xs": 3.045966,
    "evt": 1803052
  },
  "GluGluToMaxmixHToTauTau_M125_amcatnloFXFX": {
    "xs": 3.045966,
    "evt": 1803052
  },
  "GluGluToPseudoscalarHToTauTauPlusTwoJets_M125_amcatnloFXFX": {
    "xs": 3.045966,
    "evt": 1879685
  },
  "GluGluToPseudoscalarHToTauTau_M125_amcatnloFXFX": {
    "xs": 3.045966,
    "evt": 1879685
  },
  "GluGluToHToTauTau_M-125-nospinner-filter": {
    "xs": 3.045966,
    "evt": 4897561
  },
  "W1JetsToLNu-LO": {
    "xs": 61526.7,
    "evt": 77631180
  },
  "W2JetsToLNu-LO": {
    "xs": 61526.7,
    "evt": 77631180
  },
  "W3JetsToLNu-LO": {
    "xs": 61526.7,
    "evt": 77631180
  },
  "W4JetsToLNu-LO": {
    "xs": 61526.7,
    "evt": 77631180
  },
  "WGToLNuG": {
    "xs": 510.6,
    "evt": 6282853
  },
  "WJetsToLNu-LO": {
    "xs": 61526.7,
    "evt": 77631180
  },
  "WJetsToLNu-LO-ext": {
    "xs": 61526.7,
    "evt": 77631180
  },
  "WWTo1L1Nu2Q": {
    "xs": 49.997,
    "evt": 77631180
  },
  "WWTo2L2Nu": {
    "xs": 10.48,
    "evt": 1992522
  },
  "WWToLNuQQ": {
    "xs": 49.997,
    "evt": 18705936
  },
  "WWToLNuQQ-ext": {
    "xs": 49.997,
    "evt": 18705936
  },
  "WZTo1L1Nu2Q": {
    "xs": 10.71,
    "evt": 11346944
  },
  "WZTo1L3Nu": {
    "xs": 3.05,
    "evt": 2717911
  },
  "WZTo2L2Q": {
    "xs": 5.595,
    "evt": 16490603
  },
  "WZTo3LNu": {
    "xs": 4.679,
    "evt": 6887413
  },
  "WminusHToTauTau_M-125": {
    "xs": 0.03340,
    "evt": 3590396
  },
  "WplusHToTauTau_M-125": {
    "xs": 0.05266,
    "evt": 3777578
  },
  "ZHToTauTau_M-125": {
    "xs": 0.05542,
    "evt": 4652054
  },
  "ZZTo2L2Nu": {
    "xs": 0.5644,
    "evt": 8351031
  },
  "ZZTo2L2Q": {
    "xs": 3.22,
    "evt": 17240618
  },
  "ZZTo2Q2Nu": {
    "xs": 4.033,
    "evt": 17240618
  },
  "ZZTo4L": {
    "xs": 1.212,
    "evt": 102126906
  },
  "ZZTo4L-ext": {
    "xs": 1.212,
    "evt": 102126906
  },
  "SingleElectron": {
    "lumi": 41530
  },
  "SingleMuon": {
    "lumi": 41530
  },
  "Tau": {
    "lumi": 41530
  },
  "MuonEG": {
    "lumi": 41530
  }
}
