{
  "DY1JetsToLL-LO": {
    "xs": 6080.9,
    "evt": 97220464.0
  },
  "DY1JetsToLL-LO-ext": {
    "xs": 6080.9,
    "evt": 97220464.0
  },
  "DY2JetsToLL-LO": {
    "xs": 6080.9,
    "evt": 97220464.0
  },
  "DY2JetsToLL-LO-ext": {
    "xs": 6080.9,
    "evt": 97220464.0
  },
  "DY3JetsToLL-LO": {
    "xs": 6080.9,
    "evt": 97220464.0
  },
  "DY3JetsToLL-LO-ext": {
    "xs": 6080.9,
    "evt": 97220464.0
  },
  "DY4JetsToLL-LO": {
    "xs": 6080.9,
    "evt": 97220464.0
  },
  "DYJetsToLL": {
    "xs": 6080.9,
    "evt": 136708764.0
  },
  "DYJetsToLL-LO": {
    "xs": 6080.9,
    "evt": 97220464.0
  },
  "DYJetsToLL-LO-ext1": {
    "xs": 6080.9,
    "evt": 97220464.0
  },
  "DYJetsToLL-ext": {
    "xs": 6080.9,
    "evt": 136708764.0
  },
  "DYJetsToLL_M-10-50-LO": {
    "xs": 18610.0,
    "evt": 77118836.0
  },
  "DYJetsToLL_M-10-50-LO-ext1": {
    "xs": 18610.0,
    "evt": 77118836.0
  },
  "EWKWMinus2Jets": {
    "xs": 20.25,
    "evt": 4375628.0
  },
  "EWKWPlus2Jets": {
    "xs": 25.62,
    "evt": 4852606.0
  },
  "EWKZ2Jets": {
    "xs": 3.987,
    "evt": 951316.0
  },
  "GluGluHToTauTau_M-125": {
    "xs": 3.045966,
    "evt": 12031600.0
  },
  "GluGluHToTauTau_M-125-ext": {
    "xs": 3.045966,
    "evt": 12031600.0
  },
  "GluGluToHToTauTauPlusTwoJets_M125_amcatnloFXFX": {
    "xs": 3.045966,
    "evt": 7833676.0
  },
  "GluGluToHToTauTau_M125_amcatnloFXFX": {
    "xs": 3.045966,
    "evt": 7833676.0
  },
  "GluGluToMaxmixHToTauTauPlusTwoJets_M125_amcatnloFXFX": {
    "xs": 3.045966,
    "evt": 1803052.0
  },
  "GluGluToMaxmixHToTauTau_M125_amcatnloFXFX": {
    "xs": 3.045966,
    "evt": 1803052.0
  },
  "GluGluToPseudoscalarHToTauTauPlusTwoJets_M125_amcatnloFXFX": {
    "xs": 3.045966,
    "evt": 1879685.0
  },
  "GluGluToPseudoscalarHToTauTau_M125_amcatnloFXFX": {
    "xs": 3.045966,
    "evt": 1879685.0
  },
  "T-t": {
    "xs": 136.02,
    "evt": 5865875.0
  },
  "T-tW": {
    "xs": 35.85,
    "evt": 7734344.0
  },
  "TTTo2L2Nu": {
    "xs": 88.29,
    "evt": 9026014.0
  },
  "TTToHadronic": {
    "xs": 377.96,
    "evt": 41729120.0
  },
  "TTToSemiLeptonic": {
    "xs": 365.34,
    "evt": 43676819.0
  },
  "Tbar-t": {
    "xs": 80.95,
    "evt": 3675910.0
  },
  "Tbar-tW": {
    "xs": 34.97,
    "evt": 7916640.0
  },
  "VBFHToTauTau_M-125": {
    "xs": 0.2371,
    "evt": 2973256.0
  },
  "VBFHiggs0MToTauTau": {
    "xs": 2.6707,
    "evt": 956100.0
  },
  "VBFHiggs0Mf05ph0ToTauTau": { 
    "xs": 0.47421,
    "evt": 867300.0
  },
  "VBFHiggs0PMToTauTau": {
    "xs": 0.2371314,
    "evt": 951200.0
  },
  "WHiggs0MToTauTau": {
    "xs": 5.6330289,
    "evt": 965300.0
  },
  "WHiggs0Mf05ph0ToTauTau": {
    "xs": 0.1721491,
    "evt": 972400.0
  },
  "WHiggs0PMToTauTau": {
    "xs": 0.08607456,
    "evt": 983300.0
  },
  "ZHiggs0MToTauTau": {
    "xs": 2.6708711,
    "evt": 906400.0
  },
  "ZHiggs0Mf05ph0ToTauTau": {
    "xs": 0.1108536,
    "evt": 974600.0
  },
  "ZHiggs0PMToTauTau": {
    "xs": 0.0554268,
    "evt": 945200.0
  },
  "W1JetsToLNu-LO": {
    "xs": 61526.7,
    "evt": 74828211.0
  },
  "W2JetsToLNu-LO": {
    "xs": 61526.7,
    "evt": 74828211.0
  },
  "W3JetsToLNu-LO": {
    "xs": 61526.7,
    "evt": 74828211.0
  },
  "W4JetsToLNu-LO": {
    "xs": 61526.7,
    "evt": 74828211.0
  },
  "WGToLNuG": {
    "xs": 510.6,
    "evt": 6282853.0
  },
  "WJetsToLNu-LO": {
    "xs": 61526.7,
    "evt": 74828211.0
  },
  "WJetsToLNu-LO-ext": {
    "xs": 61526.7,
    "evt": 74828211.0
  },
  "WWTo2L2Nu": {
    "xs": 11.08,
    "evt": 2098124.0
  },
  "WWToLNuQQ": {
    "xs": 45.99,
    "evt": 18382659.0
  },
  "WWToLNuQQ-ext": {
    "xs":  45.99,
    "evt": 18382659.0
  },
  "WZTo1L1Nu2Q": {
    "xs": 11.66,
    "evt": 11347099.0
  },
  "WZTo1L3Nu": {
    "xs": 3.293 ,
    "evt": 2717911.0
  },
  "WZTo2L2Q": {
    "xs": 6.331,
    "evt": 16664610.0
  },
  "WZTo3LNu": {
    "xs": 5.052,
    "evt": 6886842.0
  },
  "WminusHToTauTau_M-125": {
    "xs": 0.03340,
    "evt": 3657584.0
  },
  "WplusHToTauTau_M-125": {
    "xs": 0.05266,
    "evt": 3777578.0
  },
  "ZHToTauTau_M-125": {
    "xs": 0.05542,
    "evt": 4652054.0
  },
  "ZZTo2L2Nu": {
    "xs": 0.6008,
    "evt": 8713587.0
  },
  "ZZTo2L2Q": {
    "xs": 3.688,
    "evt": 17746425.0
  },
  "ZZTo4L": {
    "xs": 1.325,
    "evt": 102778589.0
  },
  "ZZTo4L-ext": {
    "xs": 1.325,
    "evt": 102778589.0
  },
  "SingleElectron": {
    "lumi": 41859.517
  },
  "SingleMuon": {
    "lumi": 41859.517
  },
  "Tau": {
    "lumi": 41859.517
  },
  "MuonEG": {
    "lumi": 41859.517
  }
}
