{
  "DY1JetsToLL-LO": {
    "xs": 5765.4,
    "evt": 145803217.0
  },
  "DY2JetsToLL-LO": {
    "xs": 5765.4,
    "evt": 145803217.0
  },
  "DY3JetsToLL-LO": {
    "xs": 5765.4,
    "evt": 145803217.0
  },
  "DY4JetsToLL-LO": {
    "xs": 5765.4,
    "evt": 145803217.0
  },
  "DYJetsToLL-LO-ext1": {
    "xs": 5765.4,
    "evt": 145803217.0
  },
  "DYJetsToLL-LO-ext2": {
    "xs": 5765.4,
    "evt": 145803217.0
  },
  "DYJetsToLL": {
    "xs": 5765.4,
    "evt": 19403278.0
  },
  "DYJetsToLL_M-10-50-LO": {
    "xs": 18610,
    "evt": 35291566.0
  },
  "GluGluToHToTauTau_M-125": {
    "xs": 2.776,
    "evt": 1471061.0
  },
  "GluGluToHToTauTau_herwig_M-125": {
    "xs": 2.776,
    "evt": 1471061.0
  },
  "QCDMuEnrichedPt15": {
    "xs": 1.0,
    "evt": 1471061.0
  },
  "SUSYGluGluToBBHToTauTau_M-1000": {
    "xs": 0.0288971221842976,
    "evt": 100000.0
  },
  "SUSYGluGluToBBHToTauTau_M-100": {
    "xs": 1.0,
    "evt": 500000.0
  },
  "SUSYGluGluToBBHToTauTau_M-110": {
    "xs": 1.0,
    "evt": 495650.0
  },
  "SUSYGluGluToBBHToTauTau_M-1200": {
    "xs": 1.0,
    "evt": 100000.0
  },
  "SUSYGluGluToBBHToTauTau_M-120": {
    "xs": 1.0,
    "evt": 491255.0
  },
  "SUSYGluGluToBBHToTauTau_M-130": {
    "xs": 1.0,
    "evt": 498710.0
  },
  "SUSYGluGluToBBHToTauTau_M-1400": {
    "xs": 1.0,
    "evt": 100000.0
  },
  "SUSYGluGluToBBHToTauTau_M-140": {
    "xs": 1.0,
    "evt": 499592.0
  },
  "SUSYGluGluToBBHToTauTau_M-1600": {
    "xs": 1.0,
    "evt": 99588.0
  },
  "SUSYGluGluToBBHToTauTau_M-160": {
    "xs": 2.322869013474265,
    "evt": 495853.0
  },
  "SUSYGluGluToBBHToTauTau_M-1800": {
    "xs": 1.0,
    "evt": 100000.0
  },
  "SUSYGluGluToBBHToTauTau_M-180": {
    "xs": 1.0,
    "evt": 499580.0
  },
  "SUSYGluGluToBBHToTauTau_M-2000": {
    "xs": 1.0,
    "evt": 95160.0
  },
  "SUSYGluGluToBBHToTauTau_M-200": {
    "xs": 1.0,
    "evt": 196740.0
  },
  "SUSYGluGluToBBHToTauTau_M-2300": {
    "xs": 1.0,
    "evt": 100000.0
  },
  "SUSYGluGluToBBHToTauTau_M-250": {
    "xs": 1.0,
    "evt": 199436.0
  },
  "SUSYGluGluToBBHToTauTau_M-2600": {
    "xs": 1.0,
    "evt": 100000.0
  },
  "SUSYGluGluToBBHToTauTau_M-2900": {
    "xs": 1.0,
    "evt": 100000.0
  },
  "SUSYGluGluToBBHToTauTau_M-3200": {
    "xs": 1.0,
    "evt": 100000.0
  },
  "SUSYGluGluToBBHToTauTau_M-350": {
    "xs": 1.0,
    "evt": 199325.0
  },
  "SUSYGluGluToBBHToTauTau_M-400": {
    "xs": 1.0,
    "evt": 99174.0
  },
  "SUSYGluGluToBBHToTauTau_M-450": {
    "xs": 1.0,
    "evt": 100000.0
  },
  "SUSYGluGluToBBHToTauTau_M-500": {
    "xs": 0.18580833466271834,
    "evt": 100000.0
  },
  "SUSYGluGluToBBHToTauTau_M-600": {
    "xs": 1.0,
    "evt": 100000.0
  },
  "SUSYGluGluToBBHToTauTau_M-700": {
    "xs": 1.0,
    "evt": 100000.0
  },
  "SUSYGluGluToBBHToTauTau_M-800": {
    "xs": 1.0,
    "evt": 100000.0
  },
  "SUSYGluGluToBBHToTauTau_M-80": {
    "xs": 1.0,
    "evt": 500000.0
  },
  "SUSYGluGluToBBHToTauTau_M-900": {
    "xs": 1.0,
    "evt": 99306.0
  },
  "SUSYGluGluToBBHToTauTau_M-90": {
    "xs": 1.0,
    "evt": 481439.0
  },
  "SUSYGluGluToHToTauTau_M-1000": {
    "xs": 0.0008422519154940855,
    "evt": 100000.0
  },
  "SUSYGluGluToHToTauTau_M-100": {
    "xs": 1.0,
    "evt": 500000.0
  },
  "SUSYGluGluToHToTauTau_M-110": {
    "xs": 1.0,
    "evt": 491264.0
  },
  "SUSYGluGluToHToTauTau_M-1200": {
    "xs": 1.0,
    "evt": 100000.0
  },
  "SUSYGluGluToHToTauTau_M-120": {
    "xs": 1.0,
    "evt": 498426.0
  },
  "SUSYGluGluToHToTauTau_M-130": {
    "xs": 1.0,
    "evt": 497273.0
  },
  "SUSYGluGluToHToTauTau_M-140": {
    "xs": 1.0,
    "evt": 499243.0
  },
  "SUSYGluGluToHToTauTau_M-1400": {
    "xs": 1.0,
    "evt": 100000.0
  },
  "SUSYGluGluToHToTauTau_M-1600": {
    "xs": 1.0,
    "evt": 99166.0
  },
  "SUSYGluGluToHToTauTau_M-160": {
    "xs": 0.7955389980487304,
    "evt": 498892.0
  },
  "SUSYGluGluToHToTauTau_M-1800": {
    "xs": 1.0,
    "evt": 99694.0
  },
  "SUSYGluGluToHToTauTau_M-180": {
    "xs": 1.0,
    "evt": 495920.0
  },
  "SUSYGluGluToHToTauTau_M-2000": {
    "xs": 1.0,
    "evt": 100000.0
  },
  "SUSYGluGluToHToTauTau_M-200": {
    "xs": 1.0,
    "evt": 198194.0
  },
  "SUSYGluGluToHToTauTau_M-2300": {
    "xs": 1.0,
    "evt": 100000.0
  },
  "SUSYGluGluToHToTauTau_M-250": {
    "xs": 1.0,
    "evt": 198434.0
  },
  "SUSYGluGluToHToTauTau_M-2600": {
    "xs": 1.0,
    "evt": 99597.0
  },
  "SUSYGluGluToHToTauTau_M-2900": {
    "xs": 1.0,
    "evt": 98794.0
  },
  "SUSYGluGluToHToTauTau_M-3200": {
    "xs": 1.0,
    "evt": 100000.0
  },
  "SUSYGluGluToHToTauTau_M-350": {
    "xs": 1.0,
    "evt": 199636.0
  },
  "SUSYGluGluToHToTauTau_M-400": {
    "xs": 1.0,
    "evt": 100000.0
  },
  "SUSYGluGluToHToTauTau_M-450": {
    "xs": 1.0,
    "evt": 100000.0
  },
  "SUSYGluGluToHToTauTau_M-500": {
    "xs": 0.016558377304548566,
    "evt": 99551.0
  },
  "SUSYGluGluToHToTauTau_M-600": {
    "xs": 1.0,
    "evt": 99406.0
  },
  "SUSYGluGluToHToTauTau_M-700": {
    "xs": 1.0,
    "evt": 99536.0
  },
  "SUSYGluGluToHToTauTau_M-800": {
    "xs": 1.0,
    "evt": 100000.0
  },
  "SUSYGluGluToHToTauTau_M-80": {
    "xs": 1.0,
    "evt": 500000.0
  },
  "SUSYGluGluToHToTauTau_M-900": {
    "xs": 1.0,
    "evt": 100000.0
  },
  "SUSYGluGluToHToTauTau_M-90": {
    "xs": 1.0,
    "evt": 497150.0
  },
  "T-t": {
    "xs": 136.02,
    "evt": 67240808.0
  },
  "T-tW": {
    "xs": 35.6,
    "evt": 6952830.0
  },
  "TT": {
    "xs": 831.76,
    "evt": 77229341.0
  },
  "Tbar-t": {
    "xs": 80.95,
    "evt": 38811017.0
  },
  "Tbar-tW": {
    "xs": 35.6,
    "evt": 6933094.0
  },
  "VBFHToTauTau_M-125": {
    "xs": 0.2371,
    "evt": 1497048.0
  },
  "VVTo2L2Nu": {
    "xs": 11.95,
    "evt": 5913675.0
  },
  "VVTo2L2Nu-ext1": {
    "xs": 11.95,
    "evt": 5913675.0
  },
  "W1JetsToLNu-LO": {
    "xs": 61526.7,
    "evt": 86731806.0
  },
  "W2JetsToLNu-LO-ext": {
    "xs": 61526.7,
    "evt": 86731806.0
  },
  "W2JetsToLNu-LO": {
    "xs": 61526.7,
    "evt": 86731806.0
  },
  "W3JetsToLNu-LO": {
    "xs": 61526.7,
    "evt": 86731806.0
  },
  "W3JetsToLNu-LO-ext": {
    "xs": 61526.7,
    "evt": 86731806.0
  },
  "W4JetsToLNu-LO": {
    "xs": 61526.7,
    "evt": 86731806.0
  },
  "W4JetsToLNu-LO-ext1": {
    "xs": 61526.7,
    "evt": 86731806.0
  },
  "W4JetsToLNu-LO-ext2": {
    "xs": 61526.7,
    "evt": 86731806.0
  },
  "W4JetsToLNu-LO": {
    "xs": 61526.7,
    "evt": 86731806.0
  },
  "WGToLNuG-ext": {
    "xs": 489,
    "evt": 9800270
  },
  "WGToLNuG": {
    "xs": 489,
    "evt": 9800270
  },
  "WGstarToLNuEE": {
    "xs": 3.526,
    "evt": 2249800.0
  },
  "WGstarToLNuMuMu": {
    "xs": 2.793,
    "evt": 2218596.0
  },
  "WJetsToLNu-LO-ext": {
    "xs": 61526.7,
    "evt": 86731806.0
  },
  "WJetsToLNu-LO": {
    "xs": 61526.7,
    "evt": 86731806.0
  },
  "WJetsToLNu": {
    "xs": 61526.7,
    "evt": 16428677.0
  },
  "WWTo1L1Nu2Q": {
    "xs": 49.997,
    "evt": 3223676.0
  },
  "WWToLNuQQ-ext": {
    "xs": 49.997,
    "evt": 6998600.0
  },
  "WWToLNuQQ": {
    "xs": 49.997,
    "evt": 1999200.0
  },
  "WZJToLLLNu": {
    "xs": 4.708,
    "evt": 1197418.0
  },
  "WZTo1L1Nu2Q": {
    "xs": 10.71,
    "evt": 14057875.0
  },
  "WZTo1L3Nu": {
    "xs": 3.05,
    "evt": 942046.0
  },
  "WZTo2L2Q": {
    "xs": 5.595,
    "evt": 15879472.0
  },
  "WminusHToTauTau_M-125": {
    "xs": 0.03340,
    "evt": 420456.0
  },
  "WplusHToTauTau_M-125": {
    "xs": 0.05266,
    "evt": 402418.0
  },
  "ZHToTauTau_M-125": {
    "xs": 0.05542,
    "evt": 536629.0
  },
  "ZZTo2L2Q": {
    "xs": 3.22,
    "evt": 9688612.0
  },
  "ZZTo4L-amcat": {
    "xs": 1.212,
    "evt": 7390052.0
  },
  "ZZTo4L": {
    "xs": 1.212,
    "evt": 6669988.0
  },
  "SingleElectron": {
    "lumi": 35867.060
  },
  "SingleMuon": {
    "lumi": 35867.060
  },
  "Tau": {
    "lumi": 35867.060
  },
  "MuonEG": {
    "lumi": 35867.060
  },
  "SUSYGluGluToBBHToTauTau_M-3200-NLO": {
    "evt": 107222.0,
    "evt_wt_mur1_muf1": 107222.147888,
    "evt_wt_mur1_muf2": 95424.5234985,