{
  "DY1JetsToLL-LO": {
    "evt":49064064,
    "xs":5765.4
  },
  "DY1JetsToLL_M-10-50-LO": {
    "evt":39840774,
    "xs":1
  },
  "DY2JetsToLL-LO": {
    "evt":49064064,
    "xs":5765.4
  },
  "DY2JetsToLL_M-10-50-LO": {
    "evt":19442927,
    "xs":1
  },
  "DY3JetsToLL-LO": {
    "evt":49064064,
    "xs":5765.4
  },
  "DY3JetsToLL_M-10-50-LO": {
    "evt":4964197,
    "xs":1
  },
  "DY4JetsToLL-LO": {
    "evt":49064064,
    "xs":5765.4
  },
  "DYJetsToLL-LO-ext": {
    "evt":49064064,
    "xs":5765.4
  },
  "DYJetsToLL": {
    "evt":28968252,
    "xs":5765.4
  },
  "DYJetsToLL_M-10-50-LO": {
    "evt":35291566,
    "xs":18610
  },
  "DYJetsToLL_M-10to50-ext": {
    "evt":40381391,
    "xs":18610
  },
  "DYJetsToLL_M-10to50": {
    "evt":30840747,
    "xs":18610
  },
  "EWKWMinus2Jets_WToLNu-ext1": {
    "evt":490330,
    "xs":20.25
  },
  "EWKWMinus2Jets_WToLNu-ext2": {
    "evt":3841472,
    "xs":20.25
  },
  "EWKWMinus2Jets_WToLNu": {
    "evt":489205,
    "xs":20.25
  },
  "EWKWPlus2Jets_WToLNu-ext1": {
    "evt":500000,
    "xs":25.62
  },
  "EWKWPlus2Jets_WToLNu-ext2": {
    "evt":3939705,
    "xs":25.62
  },
  "EWKWPlus2Jets_WToLNu": {
    "evt":496000,
    "xs":25.62
  },
  "EWKZ2Jets_ZToLL-ext": {
    "evt":150000,
    "xs":3.987
  },
  "EWKZ2Jets_ZToLL": {
    "evt":150000,
    "xs":3.987
  },
  "EWKZ2Jets_ZToNuNu-ext": {
    "evt":300000,
    "xs":1
  },
  "EWKZ2Jets_ZToNuNu": {
    "evt":296800,
    "xs":1
  },
  "GluGluToHToTauTau_M-125": {
    "evt":1471061,
    "xs":2.776
  },
  "GluGluToHToTauTau_herwig_M-125": {
    "evt":1499536,
    "xs":2.776
  },
  "QCDMuEnrichedPt15": {
    "evt":22094081,
    "xs":1.0
  },
  "SUSYGluGluToBBHToTauTau_M-1000": {
    "evt":100000,
    "xs":0.0288971221842976
  },
  "SUSYGluGluToBBHToTauTau_M-100": {
    "evt":500000,
    "xs":1.0
  },
  "SUSYGluGluToBBHToTauTau_M-110": {
    "evt":495650,
    "xs":1.0
  },
  "SUSYGluGluToBBHToTauTau_M-1200": {
    "evt":100000,
    "xs":1.0
  },
  "SUSYGluGluToBBHToTauTau_M-120": {
    "evt":491255,
    "xs":1.0
  },
  "SUSYGluGluToBBHToTauTau_M-130": {
    "evt":498710,
    "xs":1.0
  },
  "SUSYGluGluToBBHToTauTau_M-1400": {
    "evt":100000,
    "xs":1.0
  },
  "SUSYGluGluToBBHToTauTau_M-140": {
    "evt":499592,
    "xs":1.0
  },
  "SUSYGluGluToBBHToTauTau_M-1600": {
    "evt":99588,
    "xs":1.0
  },
  "SUSYGluGluToBBHToTauTau_M-160": {
    "evt":495853,
    "xs":2.322869013474265
  },
  "SUSYGluGluToBBHToTauTau_M-1800": {
    "evt":100000,
    "xs":1.0
  },
  "SUSYGluGluToBBHToTauTau_M-180": {
    "evt":499580,
    "xs":1.0
  },
  "SUSYGluGluToBBHToTauTau_M-2000": {
    "evt":95160,
    "xs":1.0
  },
  "SUSYGluGluToBBHToTauTau_M-200": {
    "evt":196740,
    "xs":1.0
  },
  "SUSYGluGluToBBHToTauTau_M-2300": {
    "evt":100000,
    "xs":1.0
  },
  "SUSYGluGluToBBHToTauTau_M-250": {
    "evt":199436,
    "xs":1.0
  },
  "SUSYGluGluToBBHToTauTau_M-2600": {
    "evt":100000,
    "xs":1.0
  },
  "SUSYGluGluToBBHToTauTau_M-2900": {
    "evt":100000,
    "xs":1.0
  },
  "SUSYGluGluToBBHToTauTau_M-3200": {
    "evt":100000,
    "xs":1.0
  },
  "SUSYGluGluToBBHToTauTau_M-350": {
    "evt":199325,
    "xs":1.0
  },
  "SUSYGluGluToBBHToTauTau_M-400": {
    "evt":99174,
    "xs":1.0
  },
  "SUSYGluGluToBBHToTauTau_M-450": {
    "evt":100000,
    "xs":1.0
  },
  "SUSYGluGluToBBHToTauTau_M-500": {
    "evt":100000,
    "xs":0.18580833466271834
  },
  "SUSYGluGluToBBHToTauTau_M-600": {
    "evt":100000,
    "xs":1.0
  },
  "SUSYGluGluToBBHToTauTau_M-700": {
    "evt":100000,
    "xs":1.0
  },
  "SUSYGluGluToBBHToTauTau_M-800": {
    "evt":100000,
    "xs":1.0
  },
  "SUSYGluGluToBBHToTauTau_M-80": {
    "evt":500000,
    "xs":1.0
  },
  "SUSYGluGluToBBHToTauTau_M-900": {
    "evt":99306,
    "xs":1.0
  },
  "SUSYGluGluToBBHToTauTau_M-90": {
    "evt":481439,
    "xs":1.0
  },
  "SUSYGluGluToHToTauTau_M-1000": {
    "evt":100000,
    "xs":0.0008422519154940855
  },
  "SUSYGluGluToHToTauTau_M-100": {
    "evt":500000,
    "xs":1.0
  },
  "SUSYGluGluToHToTauTau_M-110": {
    "evt":491264,
    "xs":1.0
  },
  "SUSYGluGluToHToTauTau_M-1200": {
    "evt":100000,
    "xs":1.0
  },
  "SUSYGluGluToHToTauTau_M-120": {
    "evt":498426,
    "xs":1.0
  },
  "SUSYGluGluToHToTauTau_M-130": {
    "evt":497273,
    "xs":1.0
  },
  "SUSYGluGluToHToTauTau_M-1400": {
    "evt":100000,
    "xs":1.0
  },
  "SUSYGluGluToHToTauTau_M-1600": {
    "evt":99166,
    "xs":1.0
  },
  "SUSYGluGluToHToTauTau_M-160": {
    "evt":498892,
    "xs":0.7955389980487304
  },
  "SUSYGluGluToHToTauTau_M-1800": {
    "evt":99694,
    "xs":1.0
  },
  "SUSYGluGluToHToTauTau_M-180": {
    "evt":495920,
    "xs":1.0
  },
  "SUSYGluGluToHToTauTau_M-2000": {
    "evt":100000,
    "xs":1.0
  },
  "SUSYGluGluToHToTauTau_M-200": {
    "evt":198194,
    "xs":1.0
  },
  "SUSYGluGluToHToTauTau_M-2300": {
    "evt":100000,
    "xs":1.0
  },
  "SUSYGluGluToHToTauTau_M-250": {
    "evt":198434,
    "xs":1.0
  },
  "SUSYGluGluToHToTauTau_M-2600": {
    "evt":99597,
    "xs":1.0
  },
  "SUSYGluGluToHToTauTau_M-2900": {
    "evt":98794,
    "xs":1.0
  },
  "SUSYGluGluToHToTauTau_M-3200": {
    "evt":100000,
    "xs":1.0
  },
  "SUSYGluGluToHToTauTau_M-350": {
    "evt":199636,
    "xs":1.0
  },
  "SUSYGluGluToHToTauTau_M-400": {
    "evt":100000,
    "xs":1.0
  },
  "SUSYGluGluToHToTauTau_M-450": {
    "evt":100000,
    "xs":1.0
  },
  "SUSYGluGluToHToTauTau_M-500": {
    "evt":99551,
    "xs":0.016558377304548566
  },
  "SUSYGluGluToHToTauTau_M-700": {
    "evt":99536,
    "xs":1.0
  },
  "SUSYGluGluToHToTauTau_M-800": {
    "evt":100000,
    "xs":1.0
  },
  "SUSYGluGluToHToTauTau_M-80": {
    "evt":500000,
    "xs":1.0
  },
  "SUSYGluGluToHToTauTau_M-900": {
    "evt":100000,
    "xs":1.0
  },
  "SUSYGluGluToHToTauTau_M-90": {
    "evt":497150,
    "xs":1.0
  },
  "T-t": {
    "evt":67240808,
    "xs":44.07
  },
  "T-tW": {
    "evt":6952830,
    "xs":35.6
  },
  "TT": {
    "evt":76828841,
    "xs":831.76
  },
  "TTH_M-120": {
    "evt":189374,
    "xs":1
  },
  "TTH_M-130": {
    "evt":192326,
    "xs":1
  },
  "Tbar-t": {
    "evt":38811017,
    "xs":26.23
  },
  "Tbar-tW": {
    "evt":6933094,
    "xs":35.6
  },
  "VBFHToTauTau_M-125": {
    "evt":1499400,
    "xs":0.2371
  },
  "VVTo2L2Nu": {
    "evt":2852958,
    "xs":11.95
  },
  "VVTo2L2Nuext1": {
    "evt":6888511,
    "xs":11.95
  },
  "W1JetsToLNu-LO": {
    "evt":56944879,
    "xs":61526.7
  },
  "W2JetsToLNu-LO": {
    "evt":56944879,
    "xs":61526.7
  },
  "W3JetsToLNu-LO": {
    "evt":56944879,
    "xs":61526.7
  },
  "W4JetsToLNu-LO-ext1": {
    "evt":2073275,
    "xs":61526.7
  },
  "W4JetsToLNu-LO-ext2": {
    "evt":56944879,
    "xs":61526.7
  },
  "W4JetsToLNu-LO": {
    "evt":9170576,
    "xs":61526.7
  },
  "WGToLNuG-ext": {
    "evt":5048470,
    "xs":489
  },
  "WGToLNuG": {
    "evt":10231994,
    "xs":489
  },
  "WGstarToLNuEE": {
    "evt":2249800,
    "xs":3.526
  },
  "WGstarToLNuMuMu": {
    "evt":2218596,
    "xs":2.793
  },
  "WJetsToLNu-LO-ext": {
    "evt":56944879,
    "xs":61526.7
  },
  "WJetsToLNu-LO": {
    "evt":29705748,
    "xs":61526.7
  },
  "WJetsToLNu": {
    "evt":24120319,
    "xs":61526.7
  },
  "WWTo1L1Nu2Q": {
    "evt":5176114,
    "xs":49.997
  },
  "WWToLNuQQ-ext": {
    "evt":6998600,
    "xs":49.997
  },
  "WWToLNuQQ": {
    "evt":1999200,
    "xs":49.997
  },
  "WZJToLLLNu": {
    "evt":1930828,
    "xs":4.708
  },
  "WZTo1L1Nu2Q": {
    "evt":24221923,
    "xs":10.71
  },
  "WZTo1L3Nu": {
    "evt":1703772,
    "xs":3.05
  },
  "WZTo2L2Q": {
    "evt":26517272,
    "xs":5.595
  },
  "WminusHToTauTau_M-120": {
    "evt":60000,
    "xs":1
  },
  "WminusHToTauTau_M-125": {
    "evt":445200,
    "xs":0.03340
  },
  "WminusHToTauTau_M-130": {
    "evt":60000,
    "xs":1
  },
  "WplusHToTauTau_M-120": {
    "evt":60000,
    "xs":1
  },
  "WplusHToTauTau_M-125": {
    "evt":428036,
    "xs":0.05266
  },
  "WplusHToTauTau_M-130": {
    "evt":60000,
    "xs":1
  },
  "ZHToTauTau_M-120": {
    "evt":80000,
    "xs":1
  },