{
  "DY1JetsToLL-LO": {
    "xs": 6077.22,
    "evt": 199131108
  },
  "DY2JetsToLL-LO": {
    "xs": 6077.22,
    "evt": 199131108
  },
  "DY3JetsToLL-LO": {
    "xs": 6077.22,
    "evt": 199131108
  },
  "DY4JetsToLL-LO": {
    "xs": 6077.22,
    "evt": 199131108
  },
  "DYJetsToLL-LO": {
    "xs": 6077.22,
    "evt": 199131108
  },
  "DYJetsToLL-LO-ext1": {
    "xs": 6077.22,
    "evt": 199131108
  },
  "DYJetsToLL_M-10to50-LO": {
    "xs": 18610.0,
    "evt": 71919283
  },
  "DYJetsToLL-NLO": {
    "xs": 6077.22,
    "evt": 132089877
  },
  "DYJetsToLL_0J-NLO": {
    "xs": 6077.22,
    "evt": 132089877
  },
  "DYJetsToLL_1J-NLO": {
    "xs": 6077.22,
    "evt": 132089877
  },
  "DYJetsToLL_2J-NLO": {
    "xs": 6077.22,
    "evt": 132089877
  },
  "EWKWMinus2Jets_WToLNu": {
    "xs": 20.25,
    "evt": 4077000
  },
  "EWKWPlus2Jets_WToLNu": {
    "xs": 25.62,
    "evt": 3595000
  },
  "EWKZ2Jets_ZToLL": {
    "xs": 3.987,
    "evt": 579000
  },
  "WJetsToLNu-LO": {
    "xs": 61526.7,
    "evt": 78981243
  },
  "W1JetsToLNu-LO": {
    "xs": 61526.7,
    "evt": 78981243
  },
  "W2JetsToLNu-LO": {
    "xs": 61526.7,
    "evt": 78981243
  },
  "W3JetsToLNu-LO": {
    "xs": 61526.7,
    "evt": 78981243
  },
  "W4JetsToLNu-LO": {
    "xs": 61526.7,
    "evt": 78981243
  },
  "TTTo2L2Nu": {
    "xs": 88.29,
    "evt": 105859990
  },
  "TTToHadronic": {
    "xs": 377.96,
    "evt": 233815417
  },
  "TTToSemiLeptonic": {
    "xs": 365.34,
    "evt": 352462632
  },
  "WZTo1L3Nu": {
    "xs": 3.416,
    "evt": 1424400
  },
  "WZTo1L1Nu2Q": {
    "xs": 10.71,
    "evt": 4224210
  },
  "WZTo2Q2L": {
    "xs": 6.419,
    "evt": 18136498
  },
  "WZTo3LNu": {
    "xs": 5.213,
    "evt": 6826898
  },
  "WWTo1L1Nu2Q": {
    "xs": 49.997,
    "evt": 24018455
  },
  "WWTo2L2Nu": {
    "xs": 11.09,
    "evt": 7071358
  },
  "ZZTo2L2Nu": {
    "xs": 0.9738,
    "evt": 40753260
  },
  "ZZTo4L": {
    "xs": 1.256,
    "evt": 98378104
  },
  "WW": {
    "xs": 75.95,
    "evt": 98378104
  },
  "WZ": {
    "xs": 27.59,
    "evt": 98378104
  },
  "ZZ": {
    "xs": 12.17,
    "evt": 98378104
  },
  "WWZ": {
    "xs": 0.1707,
    "evt": 9175332
  },
  "WWZ-ext1": {
    "xs": 0.1707,
    "evt": 9175332
  },
  "WZZ": {
    "xs": 0.05709,
    "evt": 9254640
  },
  "WZZ-ext1": {
    "xs": 0.05709,
    "evt": 9254640
  },
  "WWW": {
    "xs": 0.2158,
    "evt": 9087470
  },
  "WWW-ext1": {
    "xs": 0.2158,
    "evt": 9087470
  },
  "ZZZ": {
    "xs": 0.01476,
    "evt": 8644726
  },
  "ZZZ-ext1": {
    "xs": 0.01476,
    "evt": 8644726
  },
  "WGToLNuG": {
    "xs": 510.6,
    "evt": 10302104
  },
  "Tbar-t": {
    "xs": 80.95,
    "evt": 65801940
  },
  "Tbar-tW": {
    "xs": 35.6,
    "evt": 5673700
  },
  "T-t": {
    "xs": 136.02,
    "evt": 121728252
  },
  "T-tW": {
    "xs": 35.6,
    "evt": 5648712
  },
  "GluGluHToTauTau_M125": {
    "xs": 3.045966,
    "evt": 12840494
  },
  "VBFHToTauTau_M125": {
    "xs": 0.2371,
    "evt": 2872344
  },
  "WminusHToTauTau_M125": {
    "xs": 0.03340,
    "evt": 3626452
  },
  "WplusHToTauTau_M125": {
    "xs": 0.05266,
    "evt": 3763258
  },
  "ZHToTauTau_M125": {
    "xs": 0.05542,
    "evt": 4701555
  },
  "ttHToTauTau_M125": {
    "xs": 0.0318,
    "evt": 4701555
  },
  "VBF_HToZZTo4L_M125": {
    "xs": 0.001038159,
    "evt": 498286
  },
  "GluGlu_HToZZTo4L_M125": {
    "xs": 0.01333521,
    "evt": 987728
  },
  "GluGluToContinToZZTo2e2mu": {
    "xs": 0.0031942,
    "evt": 500000
  },
  "GluGluToContinToZZTo2e2nu": {
    "xs": 17.73,
    "evt": 497000
  },
  "GluGluToContinToZZTo2e2tau": {
    "xs": 0.0031942,
    "evt": 498000
  },
  "GluGluToContinToZZTo2mu2nu": {
    "xs": 17.73,
    "evt": 500000
  },
  "GluGluToContinToZZTo2mu2tau": {
    "xs": 0.0031942,
    "evt": 500000
  },
  "GluGluToContinToZZTo4e": {
    "xs": 0.00158529,
    "evt": 997000
  },
  "GluGluToContinToZZTo4mu": {
    "xs": 0.00158529,
    "evt": 975090
  },
  "GluGluToContinToZZTo4tau": {
    "xs": 0.00158529,
    "evt": 499000
  },
  "ZstarTophi140A80To4Tau": {
    "xs": 0.1933,
    "evt": 185504
  },
  "ZstarTophi90A250To4Tau": {
    "xs": 0.03646,
    "evt": 186918
  },
  "ZstarTophi250A160To4Tau": {
    "xs": 0.01883,
    "evt": 187472
  },
  "ZstarTophi90A125To4Tau": {
    "xs": 0.2341,
    "evt": 185292
  },
  "ZstarTophi110A250To4Tau": {
    "xs": 0.03082,
    "evt": 187272
  },
  "ZstarTophi400A140To4Tau": {
    "xs": 0.005892,
    "evt": 187190
  },
  "ZstarTophi110A60To4Tau": {
    "xs": 0.5119,
    "evt": 184154
  },
  "ZstarTophi300A100To4Tau": {
    "xs": 0.01793,
    "evt": 187254
  },
  "ZstarTophi60A250To4Tau": {
    "xs": 0.04622,
    "evt": 186642
  },
  "ZstarTophi90A70To4Tau": {
    "xs": 0.7406,
    "evt": 183562
  },
  "ZstarTophi70A200To4Tau": {
    "xs": 0.08637,
    "evt": 186414
  },
  "ZstarTophi140A400To4Tau": {
    "xs": 0.005892,
    "evt": 187190
  },
  "ZstarTophi140A70To4Tau": {
    "xs": 0.2244,
    "evt": 185162
  },
  "ZstarTophi80A200To4Tau": {
    "xs": 0.07788,
    "evt": 186490
  },
  "ZstarTophi200A300To4Tau": {
    "xs": 0.009232,
    "evt": 187030
  },
  "ZstarTophi110A140To4Tau": {
    "xs": 0.1243,
    "evt": 185914
  },
  "ZstarTophi200A90To4Tau": {
    "xs": 0.06557,
    "evt": 186508
  },
  "ZstarTophi160A40To4Tau": {
    "xs": 0.2441,
    "evt": 185404
  },
  "ZstarTophi125A50To4Tau": {
    "xs": 0.4643,
    "evt": 184368
  },
  "ZstarTophi110A160To4Tau": {
    "xs": 0.0922,
    "evt": 186494
  },
  "ZstarTophi60A60To4Tau": {
    "xs": 2.618,
    "evt": 180996
  },
  "ZstarTophi100A90To4Tau": {
    "xs": 0.352,
    "evt": 184822
  },
  "ZstarTophi200A125To4Tau": {
    "xs": 0.04541,
    "evt": 186310
  },
  "ZstarTophi140A50To4Tau": {
    "xs": 0.3276,
    "evt": 185016
  },
  "ZstarTophi400A250To4Tau": {
    "xs": 0.003105,
    "evt": 186964
  },
  "ZstarTophi400A600To4Tau": {
    "xs": 0.0004529,
    "evt": 186424
  },
  "ZstarTophi250A200To4Tau": {
    "xs": 0.01426,
    "evt": 187320
  },
  "ZstarTophi70A90To4Tau": {
    "xs": 0.7406,
    "evt": 183562
  },
  "ZstarTophi60A100To4Tau": {
    "xs": 0.7182,
    "evt": 183578
  },
  "ZstarTophi180A50To4Tau": {
    "xs": 0.1485,
    "evt": 185862
  },
  "ZstarTophi110A50To4Tau": {
    "xs": 0.6811,
    "evt": 183920
  },
  "ZstarTophi100A400To4Tau": {
    "xs": 0.007295,
    "evt": 187214
  },
  "ZstarTophi100A100To4Tau": {
    "xs": 0.2902,
    "evt": 184892
  },
  "ZstarTophi100A300To4Tau": {
    "xs": 0.01911,
    "evt": 187254
  },
  "ZstarTophi90A40To4Tau": {
    "xs": 1.619,
    "evt": 181798
  },
  "ZstarTophi200A40To4Tau": {
    "xs": 0.115,
    "evt": 186266
  },
  "ZstarTophi90A50To4Tau": {
    "xs": 1.228,
    "evt": 182754
  },
  "ZstarTophi60A40To4Tau": {
    "xs": 7.327,
    "evt": 178876
  },
  "ZstarTophi70A300To4Tau": {
    "xs": 0.02335,
    "evt": 187270
  },
  "ZstarTophi70A125To4Tau": {
    "xs": 0.3279,
    "evt": 184990
  },
  "ZstarTophi125A300To4Tau": {
    "xs": 0.016,
    "evt": 187260
  },
  "ZstarTophi300A70To4Tau": {
    "xs": 0.02187,
    "evt": 187270
  },
  "ZstarTophi160A200To4Tau": {
    "xs": 0.03386,
    "evt": 187352
  },
  "ZstarTophi250A125To4Tau": {
    "xs": 0.02537,
    "evt": 187250
  },
  "ZstarTophi160A125To4Tau": {
    "xs": 0.07622,
    "evt": 186532
  },
  "ZstarTophi80A250To4Tau": {
    "xs": 0.03955,
    "evt": 187212
  },
  "ZstarTophi140A200To4Tau": {
    "xs": 0.04151,
    "evt": 187150
  },
  "ZstarTophi600A400To4Tau": {
    "xs": 0.0004529,
    "evt": 186424
  },
  "ZstarTophi180A200To4Tau": {
    "xs": 0.0277,
    "evt": 187256
  },
  "ZstarTophi100A125To4Tau": {
    "xs": 0.1848,
    "evt": 185616
  },
  "ZstarTophi400A125To4Tau": {
    "xs": 0.0064,
    "evt": 187336
  },
  "ZstarTophi125A140To4Tau": {
    "xs": 0.1008,
    "evt": 186408
  },
  "ZstarTophi110A80To4Tau": {
    "xs": 0.3472,
    "evt": 184858
  },
  "ZstarTophi70A160To4Tau": {
    "xs": 0.1667,
    "evt": 185458
  },
  "ZstarTophi60A90To4Tau": {
    "xs": 0.9489,
    "evt": 183260
  },
  "ZstarTophi400A160To4Tau": {
    "xs": 0.005256,