{
  "DY1JetsToLL-LO": {
    "xs": 6077.22,
    "evt": 95170542
  },
  "DY2JetsToLL-LO": {
    "xs": 6077.22,
    "evt": 95170542
  },
  "DY3JetsToLL-LO": {
    "xs": 6077.22,
    "evt": 95170542
  },
  "DY4JetsToLL-LO": {
    "xs": 6077.22,
    "evt": 95170542
  },
  "DYJetsToLL-LO": {
    "xs": 6077.22,
    "evt": 95170542
  },
  "DYJetsToLL_M-10to50-LO": {
    "xs": 18610,
    "evt": 25799525
  },
  "DYJetsToLL_0J-NLO": {
    "xs": 6077.22,
    "evt": 61134271
  },
  "DYJetsToLL_1J-NLO": {
    "xs": 6077.22,
    "evt": 61134271
  },
  "DYJetsToLL_2J-NLO": {
    "xs": 6077.22,
    "evt": 61134271
  },
  "DYJetsToLL-NLO": {
    "xs": 6077.22,
    "evt": 61134271
  },
  "EWKWMinus2Jets_WToLNu": {
    "xs": 20.25,
    "evt": 2248000
  },
  "EWKWPlus2Jets_WToLNu": {
    "xs": 25.62,
    "evt": 2185000
  },
  "EWKZ2Jets_ZToLL": {
    "xs": 3.987,
    "evt": 500000
  },
  "W1JetsToLNu-LO": {
    "xs": 61526.7,
    "evt": 74676349
  },
  "W2JetsToLNu-LO": {
    "xs": 61526.7,
    "evt": 74676349
  },
  "W3JetsToLNu-LO": {
    "xs": 61526.7,
    "evt": 74676349
  },
  "W4JetsToLNu-LO": {
    "xs": 61526.7,
    "evt": 74676349
  },
  "WJetsToLNu-LO": {
    "xs": 61526.7,
    "evt": 74676349
  },
  "TTTo2L2Nu": {
    "xs": 88.29,
    "evt": 37202074
  },
  "TTToHadronic": {
    "xs": 377.96,
    "evt": 96762262
  },
  "TTToSemiLeptonic": {
    "xs": 365.34,
    "evt": 131031636
  },
  "WZTo1L3Nu": {
    "xs": 3.416,
    "evt": 710207
  },
  "WZTo1L1Nu2Q": {
    "xs": 10.71,
    "evt": 2131873
  },
  "WZTo2Q2L": {
    "xs": 6.419,
    "evt": 9780392
  },
  "WZTo3LNu": {
    "xs": 5.213,
    "evt": 6363896
  },
  "WWTo1L1Nu2Q": {
    "xs": 49.997,
    "evt": 12074822
  },
  "WWTo2L2Nu": {
    "xs": 11.09,
    "evt": 3006596
  },
  "ZZTo2L2Nu": {
    "xs": 0.9738,
    "evt": 16826232
  },
  "ZZTo4L": {
    "xs": 1.256,
    "evt": 49189654
  },
  "WW": {
    "xs": 75.95,
    "evt": 49189654
  },
  "WZ": {
    "xs": 27.59,
    "evt": 49189654
  },
  "ZZ": {
    "xs": 12.17,
    "evt": 49189654
  },
  "WWZ": {
    "xs": 0.1707,
    "evt": 4674738
  },
  "WWZ-ext1": {
    "xs": 0.1707,
    "evt": 4674738
  },
  "WZZ": {
    "xs": 0.05709,
    "evt": 5042470
  },
  "WZZ-ext1": {
    "xs": 0.05709,
    "evt": 5042470
  },
  "WWW": {
    "xs": 0.2158,
    "evt": 4768918
  },
  "WWW-ext1": {
    "xs": 0.2158,
    "evt": 4768918
  },
  "ZZZ": {
    "xs": 0.01476,
    "evt": 4797810
  },
  "ZZZ-ext1": {
    "xs": 0.01476,
    "evt": 4797810
  },
  "WGToLNuG": {
    "xs": 489,
    "evt": 9714707
  },
  "Tbar-t": {
    "xs": 80.95,
    "evt": 24546678
  },
  "Tbar-tW": {
    "xs": 35.6,
    "evt": 2299866
  },
  "T-t": {
    "xs": 136.02,
    "evt": 52437432
  },
  "T-tW": {
    "xs": 35.6,
    "evt": 2299880
  },
  "GluGluHToTauTau_M125": {
    "xs": 3.045966,
    "evt": 6364054
  },
  "VBFHToTauTau_M125": {
    "xs": 0.2371,
    "evt": 1393088
  },
  "WminusHToTauTau_M125": {
    "xs": 0.03340,
    "evt": 1871897
  },
  "WplusHToTauTau_M125": {
    "xs": 0.05266,
    "evt": 1809670
  },
  "ZHToTauTau_M125": {
    "xs": 0.05542,
    "evt": 2337632
  },
  "ttHToTauTau_M125": {
    "xs": 0.0318,
    "evt": 2337632
  },
  "VBF_HToZZTo4L_M125": {
    "xs": 0.001038159,
    "evt": 499120
  },
  "GluGlu_HToZZTo4L_M125": {
    "xs": 0.01333521,
    "evt": 983284
  },
  "GluGluToContinToZZTo2e2mu": {
    "xs": 0.0031942,
    "evt": 500000
  },
  "GluGluToContinToZZTo2e2nu": {
    "xs": 17.73,
    "evt": 500000
  },
  "GluGluToContinToZZTo2e2tau": {
    "xs": 0.0031942,
    "evt": 500000
  },
  "GluGluToContinToZZTo2mu2nu": {
    "xs": 17.73,
    "evt": 500000
  },
  "GluGluToContinToZZTo2mu2tau": {
    "xs": 0.0031942,
    "evt": 500000
  },
  "GluGluToContinToZZTo4e": {
    "xs": 0.00158529,
    "evt": 972000
  },
  "GluGluToContinToZZTo4mu": {
    "xs": 0.00158529,
    "evt": 968675
  },
  "GluGluToContinToZZTo4tau": {
    "xs": 0.00158529,
    "evt": 497032
  },
  "ZstarTophi140A80To4Tau": {
    "xs": 0.1933,
    "evt": 185576
  },
  "ZstarTophi90A250To4Tau": {
    "xs": 0.03646,
    "evt": 186938
  },
  "ZstarTophi250A160To4Tau": {
    "xs": 0.01883,
    "evt": 187170
  },
  "ZstarTophi90A125To4Tau": {
    "xs": 0.2341,
    "evt": 185880
  },
  "ZstarTophi110A250To4Tau": {
    "xs": 0.03082,
    "evt": 99342
  },
  "ZstarTophi400A140To4Tau": {
    "xs": 0.005892,
    "evt": 101160
  },
  "ZstarTophi110A60To4Tau": {
    "xs": 0.5119,
    "evt": 183946
  },
  "ZstarTophi300A100To4Tau": {
    "xs": 0.01793,
    "evt": 187044
  },
  "ZstarTophi60A250To4Tau": {
    "xs": 0.04622,
    "evt": 187068
  },
  "ZstarTophi90A70To4Tau": {
    "xs": 0.7406,
    "evt": 98994
  },
  "ZstarTophi70A200To4Tau": {
    "xs": 0.08637,
    "evt": 186514
  },
  "ZstarTophi140A400To4Tau": {
    "xs": 0.005892,
    "evt": 101160
  },
  "ZstarTophi140A70To4Tau": {
    "xs": 0.2244,
    "evt": 185136
  },
  "ZstarTophi80A200To4Tau": {
    "xs": 0.07788,
    "evt": 186530
  },
  "ZstarTophi200A300To4Tau": {
    "xs": 0.009232,
    "evt": 100998
  },
  "ZstarTophi110A140To4Tau": {
    "xs": 0.1243,
    "evt": 186286
  },
  "ZstarTophi200A90To4Tau": {
    "xs": 0.06557,
    "evt": 186730
  },
  "ZstarTophi160A40To4Tau": {
    "xs": 0.2441,
    "evt": 100186
  },
  "ZstarTophi125A50To4Tau": {
    "xs": 0.4643,
    "evt": 99436
  },
  "ZstarTophi110A160To4Tau": {
    "xs": 0.0922,
    "evt": 186498
  },
  "ZstarTophi60A60To4Tau": {
    "xs": 2.618,
    "evt": 97792
  },
  "ZstarTophi100A90To4Tau": {
    "xs": 0.352,
    "evt": 184600
  },
  "ZstarTophi200A125To4Tau": {
    "xs": 0.04541,
    "evt": 186846
  },
  "ZstarTophi140A50To4Tau": {
    "xs": 0.3276,
    "evt": 98946
  },
  "ZstarTophi400A250To4Tau": {
    "xs": 0.003105,
    "evt": 100784
  },
  "ZstarTophi400A600To4Tau": {
    "xs": 0.0004529,
    "evt": 55142
  },
  "ZstarTophi250A200To4Tau": {
    "xs": 0.01426,
    "evt": 101200
  },
  "ZstarTophi70A90To4Tau": {
    "xs": 0.7406,
    "evt": 98994
  },
  "ZstarTophi60A100To4Tau": {
    "xs": 0.7182,
    "evt": 183556
  },
  "ZstarTophi180A50To4Tau": {
    "xs": 0.1485,
    "evt": 100192
  },
  "ZstarTophi110A50To4Tau": {
    "xs": 0.6811,
    "evt": 99368
  },
  "ZstarTophi100A400To4Tau": {
    "xs": 0.007295,
    "evt": 101110
  },
  "ZstarTophi100A100To4Tau": {
    "xs": 0.2902,
    "evt": 185082
  },
  "ZstarTophi100A300To4Tau": {
    "xs": 0.01911,
    "evt": 187044
  },
  "ZstarTophi90A40To4Tau": {
    "xs": 1.619,
    "evt": 94790
  },
  "ZstarTophi200A40To4Tau": {
    "xs": 0.115,
    "evt": 100670
  },
  "ZstarTophi90A50To4Tau": {
    "xs": 1.228,
    "evt": 92758
  },
  "ZstarTophi60A40To4Tau": {
    "xs": 7.327,
    "evt": 96772
  },
  "ZstarTophi70A300To4Tau": {
    "xs": 0.02335,
    "evt": 187226
  },
  "ZstarTophi70A125To4Tau": {
    "xs": 0.3279,
    "evt": 185002
  },
  "ZstarTophi125A300To4Tau": {
    "xs": 0.016,
    "evt": 187424
  },
  "ZstarTophi300A70To4Tau": {
    "xs": 0.02187,
    "evt": 187226
  },
  "ZstarTophi160A200To4Tau": {
    "xs": 0.03386,
    "evt": 187012
  },
  "ZstarTophi250A125To4Tau": {
    "xs": 0.02537,
    "evt": 187132
  },
  "ZstarTophi160A125To4Tau": {
    "xs": 0.07622,
    "evt": 186896
  },
  "ZstarTophi80A250To4Tau": {
    "xs": 0.03955,
    "evt": 186804
  },
  "ZstarTophi140A200To4Tau": {
    "xs": 0.04151,
    "evt": 187202
  },
  "ZstarTophi600A400To4Tau": {
    "xs": 0.0004529,
    "evt": 55142
  },
  "ZstarTophi180A200To4Tau": {
    "xs": 0.0277,
    "evt": 101108
  },
  "ZstarTophi100A125To4Tau": {
    "xs": 0.1848,
    "evt": 185788
  },
  "ZstarTophi400A125To4Tau": {
    "xs": 0.0064,
    "evt": 100980
  },
  "ZstarTophi125A140To4Tau": {
    "xs": 0.1008,
    "evt": 186202
  },
  "ZstarTophi110A80To4Tau": {
    "xs": 0.3472,
    "evt": 184442
  },
  "ZstarTophi70A160To4Tau": {
    "xs": 0.1667,
    "evt": 185884
  },
  "ZstarTophi60A90To4Tau": {
    "xs": 0.9489,
    "evt": 95394
  },
  "ZstarTophi400A160To4Tau": {
    "xs": 0.005256,
    "evt": 98638
  },
  "ZstarTophi400A400To4Tau": {
    "xs": 0.00131,
    "evt": 100976
  },