{
  "DY1JetsToLL-LO": {
    "xs": 6077.22,
    "evt": 95170542
  },
  "DY2JetsToLL-LO": {
    "xs": 6077.22,
    "evt": 95170542
  },
  "DY3JetsToLL-LO": {
    "xs": 6077.22,
    "evt": 95170542
  },
  "DY4JetsToLL-LO": {
    "xs": 6077.22,
    "evt": 95170542
  },
  "DYJetsToLL-LO": {
    "xs": 6077.22,
    "evt": 95170542
  },
  "DYJetsToLL_M-10to50-LO": {
    "xs": 18610,
    "evt": 32296581
  },
  "DYJetsToLL_0J-NLO": {
    "xs": 0,
    "evt": 0
  },
  "DYJetsToLL_1J-NLO": {
    "xs": 0,
    "evt": 0
  },
  "DYJetsToLL_2J-NLO": {
    "xs": 0,
    "evt": 0
  },
  "DYJetstoLL-NLO": {
    "xs": 0,
    "evt": 0
  },
  "EWKWMinus2Jets_WToLNu": {
    "xs": 20.25,
    "evt": 2248000
  },
  "EWKWPlus2Jets_WToLNu": {
    "xs": 25.62,
    "evt": 2185000
  },
  "EWKZ2Jets_ZToLL": {
    "xs": 3.987,
    "evt": 500000
  },
  "W1JetsToLNu-LO": {
    "xs": 61526.7,
    "evt": 74666678
  },
  "W2JetsToLNu-LO": {
    "xs": 61526.7,
    "evt": 74666678
  },
  "W3JetsToLNu-LO": {
    "xs": 61526.7,
    "evt": 74666678
  },
  "W4JetsToLNu-LO": {
    "xs": 61526.7,
    "evt": 74666678
  },
  "WJetsToLNu-LO": {
    "xs": 61526.7,
    "evt": 74666678
  },
  "TTTo2L2Nu": {
    "xs": 88.29,
    "evt": 37191896
  },
  "TTToHadronic": {
    "xs": 377.96,
    "evt": 96791114
  },
  "TTToSemiLeptonic": {
    "xs": 365.34,
    "evt": 131057576
  },
  "WZTo1L3Nu": {
    "xs": 3.416,
    "evt": 710207
  },
  "WZTo1L1Nu2Q": {
    "xs": 10.71,
    "evt": 5893164
  },
  "WZTo2Q2L": {
    "xs": 6.419,
    "evt": 9774066
  },
  "WZTo3LNu": {
    "xs": 5.213,
    "evt": 6365771
  },
  "WWTo1L1Nu2Q": {
    "xs": 49.997,
    "evt": 5733496
  },
  "WWTo2L2Nu": {
    "xs": 11.09,
    "evt": 3006596
  },
  "ZZTo2L2Nu": {
    "xs": 0.9738,
    "evt": 16826206
  },
  "ZZTo4L": {
    "xs": 1.256,
    "evt": 49180079
  },
  "WW": {
    "xs": 75.95,
    "evt": 15859000
  },
  "WZ": {
    "xs": 27.59,
    "evt": 7934000
  },
  "ZZ": {
    "xs": 12.17,
    "evt": 1282000
  },
  "WWZ": {
    "xs": 0.1707,
    "evt": 73734
  },
  "WWZ-ext1": {
    "xs": 0.1707,
    "evt": 4598623
  },
  "WZZ": {
    "xs": 0.05709,
    "evt": 145164
  },
  "WZZ-ext1": {
    "xs": 0.05709,
    "evt": 4897306
  },
  "WWW": {
    "xs": 0.2158,
    "evt": 64296
  },
  "WWW-ext1": {
    "xs": 0.2158,
    "evt": 4704622
  },
  "ZZZ": {
    "xs": 0.01476,
    "evt": 71860
  },
  "ZZZ-ext1": {
    "xs": 0.01476,
    "evt": 4725588
  },
  "WGToLNuG": {
    "xs": 489,
    "evt": 9714707
  },
  "Tbar-t": {
    "xs": 80.95,
    "evt": 30876958
  },
  "Tbar-tW": {
    "xs": 35.6,
    "evt": 2299866
  },
  "T-t": {
    "xs": 136.02,
    "evt": 52437432
  },
  "T-tW": {
    "xs": 35.6,
    "evt": 2299880
  },
  "GluGluHToTauTau_M125": {
    "xs": 3.045966,
    "evt": 6377422
  },
  "VBFHToTauTau_M125": {
    "xs": 0.2371,
    "evt": 1393088
  },
  "WminusHToTauTau_M125": {
    "xs": 0.03340,
    "evt": 1871897
  },
  "WplusHToTauTau_M125": {
    "xs": 0.05266,
    "evt": 1809670
  },
  "ZHToTauTau_M125": {
    "xs": 0.05542,
    "evt": 2337632
  },
  "ttHToTauTau_M125": {
    "xs": 0.0318,
    "evt": 10629246
  },
  "VBF_HToZZTo4L_M125": {
    "xs": 0.001038159,
    "evt": 499394
  },
  "GluGlu_HToZZTo4L_M125": {
    "xs": 0.01333521,
    "evt": 989824
  },
  "ZstarTophi100A100To4Tau": {
    "xs": 0.2902,
    "evt": 185082
  },
  "ZstarTophi100A125To4Tau": {
    "xs": 0.1848,
    "evt": 185788
  },
  "ZstarTophi100A140To4Tau": {
    "xs": 0.1438,
    "evt": 185870
  },
  "ZstarTophi100A160To4Tau": {
    "xs": 0.105,
    "evt": 186514
  },
  "ZstarTophi100A60To4Tau": {
    "xs": 0.659,
    "evt": 183556
  },
  "ZstarTophi100A70To4Tau": {
    "xs": 0.5302,
    "evt": 183938
  },
  "ZstarTophi100A80To4Tau": {
    "xs": 0.4309,
    "evt": 184480
  },
  "ZstarTophi100A90To4Tau": {
    "xs": 0.352,
    "evt": 184600
  },
  "ZstarTophi110A100To4Tau": {
    "xs": 0.2411,
    "evt": 184390
  },
  "ZstarTophi110A125To4Tau": {
    "xs": 0.1579,
    "evt": 185780
  },
  "ZstarTophi110A140To4Tau": {
    "xs": 0.1243,
    "evt": 186286
  },
  "ZstarTophi110A160To4Tau": {
    "xs": 0.0922,
    "evt": 186498
  },
  "ZstarTophi110A60To4Tau": {
    "xs": 0.5119,
    "evt": 183946
  },
  "ZstarTophi110A70To4Tau": {
    "xs": 0.4198,
    "evt": 184642
  },
  "ZstarTophi110A80To4Tau": {
    "xs": 0.3472,
    "evt": 184442
  },
  "ZstarTophi110A90To4Tau": {
    "xs": 0.2884,
    "evt": 185345
  },
  "ZstarTophi125A100To4Tau": {
    "xs": 0.1848,
    "evt": 185950
  },
  "ZstarTophi125A125To4Tau": {
    "xs": 0.1256,
    "evt": 186144
  },
  "ZstarTophi125A140To4Tau": {
    "xs": 0.1008,
    "evt": 186202
  },
  "ZstarTophi125A160To4Tau": {
    "xs": 0.07622,
    "evt": 186796
  },
  "ZstarTophi125A60To4Tau": {
    "xs": 0.3604,
    "evt": 184600
  },
  "ZstarTophi125A70To4Tau": {
    "xs": 0.3035,
    "evt": 185002
  },
  "ZstarTophi125A80To4Tau": {
    "xs": 0.2561,
    "evt": 185274
  },
  "ZstarTophi125A90To4Tau": {
    "xs": 0.2172,
    "evt": 185880
  },
  "ZstarTophi140A100To4Tau": {
    "xs": 0.1438,
    "evt": 186196
  },
  "ZstarTophi140A125To4Tau": {
    "xs": 0.1009,
    "evt": 186707
  },
  "ZstarTophi140A140To4Tau": {
    "xs": 0.08223,
    "evt": 186642
  },
  "ZstarTophi140A160To4Tau": {
    "xs": 0.06333,
    "evt": 186864
  },
  "ZstarTophi140A60To4Tau": {
    "xs": 0.2612,
    "evt": 185408
  },
  "ZstarTophi140A70To4Tau": {
    "xs": 0.2244,
    "evt": 185136
  },
  "ZstarTophi140A80To4Tau": {
    "xs": 0.1933,
    "evt": 185576
  },
  "ZstarTophi140A90To4Tau": {
    "xs": 0.1665,
    "evt": 185820
  },
  "ZstarTophi160A100To4Tau": {
    "xs": 0.105,
    "evt": 186420
  },
  "ZstarTophi160A125To4Tau": {
    "xs": 0.07622,
    "evt": 186896
  },
  "ZstarTophi160A140To4Tau": {
    "xs": 0.06333,
    "evt": 186542
  },
  "ZstarTophi160A160To4Tau": {
    "xs": 0.04988,
    "evt": 187080
  },
  "ZstarTophi160A60To4Tau": {
    "xs": 0.1765,
    "evt": 185838
  },
  "ZstarTophi160A70To4Tau": {
    "xs": 0.1551,
    "evt": 185884
  },
  "ZstarTophi160A80To4Tau": {
    "xs": 0.1361,
    "evt": 185188
  },
  "ZstarTophi160A90To4Tau": {
    "xs": 0.1193,
    "evt": 185512
  },
  "ZstarTophi180A100To4Tau": {
    "xs": 0.07796,
    "evt": 186196
  },
  "ZstarTophi180A125To4Tau": {
    "xs": 0.05837,
    "evt": 186880
  },
  "ZstarTophi180A140To4Tau": {
    "xs": 0.04938,
    "evt": 185834
  },
  "ZstarTophi180A160To4Tau": {
    "xs": 0.03959,
    "evt": 186946
  },
  "ZstarTophi180A60To4Tau": {
    "xs": 0.1236,
    "evt": 186294
  },
  "ZstarTophi180A70To4Tau": {
    "xs": 0.1104,
    "evt": 186406
  },
  "ZstarTophi180A80To4Tau": {
    "xs": 0.09847,
    "evt": 186368
  },
  "ZstarTophi180A90To4Tau": {
    "xs": 0.08766,
    "evt": 186346
  },
  "ZstarTophi200A100To4Tau": {
    "xs": 0.05897,
    "evt": 186808
  },
  "ZstarTophi200A125To4Tau": {
    "xs": 0.04541,
    "evt": 186846
  },
  "ZstarTophi200A140To4Tau": {
    "xs": 0.03887,
    "evt": 187202
  },
  "ZstarTophi200A160To4Tau": {
    "xs": 0.0317,
    "evt": 187012
  },
  "ZstarTophi200A60To4Tau": {
    "xs": 0.08911,
    "evt": 186562
  },
  "ZstarTophi200A70To4Tau": {
    "xs": 0.08062,
    "evt": 186514
  },
  "ZstarTophi200A80To4Tau": {
    "xs": 0.07276,
    "evt": 186530
  },
  "ZstarTophi200A90To4Tau": {
    "xs": 0.06557,
    "evt": 186730
  },
  "ZstarTophi250A100To4Tau": {
    "xs": 0.03143,
    "evt": 186996
  },
  "ZstarTophi250A125To4Tau": {
    "xs": 0.02537,
    "evt": 187132
  },
  "ZstarTophi250A140To4Tau": {
    "xs": 0.02231,
    "evt": 187248
  },
  "ZstarTophi250A160To4Tau": {
    "xs": 0.01883,
    "evt": 187170
  },
  "ZstarTophi250A60To4Tau": {
    "xs": 0.04321,
    "evt": 187068
  },
  "ZstarTophi250A70To4Tau": {
    "xs": 0.04007,
    "evt": 187008
  },
  "ZstarTophi250A80To4Tau": {
    "xs": 0.037,
    "evt": 186804
  },
  "ZstarTophi250A90To4Tau": {
    "xs": 0.03413,
    "evt": 186938
  },
  "ZstarTophi300A100To4Tau": {
    "xs": 0.01793,
    "evt": 187044
  },
  "ZstarTophi300A125To4Tau": {
    "xs": 0.01501,
    "evt": 187424
  },