{
  "DY1JetsToLL-LO": {
    "xs": 6077.22,
    "evt": 82444586
  },
  "DY2JetsToLL-LO": {
    "xs": 6077.22,
    "evt": 82444586
  },
  "DY3JetsToLL-LO": {
    "xs": 6077.22,
    "evt": 82444586
  },
  "DY4JetsToLL-LO": {
    "xs": 6077.22,
    "evt": 82444586
  },
  "DYJetsToLL-LO": {
    "xs": 6077.22,
    "evt": 82444586
  },
  "DYJetsToLL_M-10to50-LO": {
    "xs": 18610,
    "evt": 23706672
  },
  "DYJetsToLL_0J-NLO": {
    "xs": 6077.22,
    "evt": 49693903
  },
  "DYJetsToLL_1J-NLO": {
    "xs": 6077.22,
    "evt": 49693903
  },
  "DYJetsToLL_2J-NLO": {
    "xs": 6077.22,
    "evt": 49693903
  },
  "DYJetsToLL-NLO": {
    "xs": 6077.22,
    "evt": 49693903
  },
  "EWKWMinus2Jets_WToLNu": {
    "xs": 20.25,
    "evt": 2202000
  },
  "EWKWPlus2Jets_WToLNu": {
    "xs": 25.62,
    "evt": 2033000
  },
  "EWKZ2Jets_ZToLL": {
    "xs": 3.987,
    "evt": 453000
  },
  "W1JetsToLNu-LO": {
    "xs": 61526.7,
    "evt": 82742220
  },
  "W2JetsToLNu-LO": {
    "xs": 61526.7,
    "evt": 82742220
  },
  "W3JetsToLNu-LO": {
    "xs": 61526.7,
    "evt": 82742220
  },
  "W4JetsToLNu-LO": {
    "xs": 61526.7,
    "evt": 82742220
  },
  "WJetsToLNu-LO": {
    "xs": 61526.7,
    "evt": 82742220
  },
  "TTTo2L2Nu": {
    "xs": 88.29,
    "evt": 43277246
  },
  "TTToHadronic": {
    "xs": 377.96,
    "evt": 108494782
  },
  "TTToSemiLeptonic": {
    "xs": 365.34,
    "evt": 143702488
  },
  "WZTo1L3Nu": {
    "xs": 3.416,
    "evt": 705506
  },
  "WZTo1L1Nu2Q": {
    "xs": 10.71,
    "evt": 2127797
  },
  "WZTo2Q2L": {
    "xs": 6.419,
    "evt": 8434516
  },
  "WZTo3LNu": {
    "xs": 5.213,
    "evt": 6890010
  },
  "WWTo1L1Nu2Q": {
    "xs": 49.997,
    "evt": 12023490
  },
  "WWTo2L2Nu": {
    "xs": 11.09,
    "evt": 2888924
  },
  "ZZTo2L2Nu": {
    "xs": 0.9738,
    "evt": 15894442
  },
  "ZZTo4L": {
    "xs": 1.256,
    "evt": 49463558
  },
  "WW": {
    "xs": 75.95,
    "evt": 49463558
  },
  "WZ": {
    "xs": 27.59,
    "evt": 49463558
  },
  "ZZ": {
    "xs": 12.17,
    "evt": 49463558
  },
  "WWZ": {
    "xs": 0.1707,
    "evt": 4229098
  },
  "WWZ-ext1": {
    "xs": 0.1707,
    "evt": 4229098
  },
  "WZZ": {
    "xs": 0.05709,
    "evt": 4258072
  },
  "WZZ-ext1": {
    "xs": 0.05709,
    "evt": 4258072
  },
  "WWW": {
    "xs": 0.2158,
    "evt": 3909520
  },
  "WWW-ext1": {
    "xs": 0.2158,
    "evt": 3909520
  },
  "ZZZ": {
    "xs": 0.01476,
    "evt": 4103694
  },
  "ZZZ-ext1": {
    "xs": 0.01476,
    "evt": 4103694
  },
  "WGToLNuG": {
    "xs": 489,
    "evt": 3353413
  },
  "Tbar-t": {
    "xs": 80.95,
    "evt": 28814525
  },
  "Tbar-tW": {
    "xs": 35.6,
    "evt": 2553882
  },
  "T-t": {
    "xs": 136.02,
    "evt": 59088204
  },
  "T-tW": {
    "xs": 35.6,
    "evt": 2490860
  },
  "GluGluHToTauTau_M125": {
    "xs": 3.045966,
    "evt": 6372230
  },
  "VBFHToTauTau_M125": {
    "xs": 0.2371,
    "evt": 1498078
  },
  "WminusHToTauTau_M125": {
    "xs": 0.03340,
    "evt": 1889522
  },
  "WplusHToTauTau_M125": {
    "xs": 0.05266,
    "evt": 1888336
  },
  "ZHToTauTau_M125": {
    "xs": 0.05542,
    "evt": 2278906
  },
  "ttHToTauTau_M125": {
    "xs": 0.0318,
    "evt": 2278906
  },
  "VBF_HToZZTo4L_M125": {
    "xs": 0.001038159,
    "evt": 497314
  },
  "GluGlu_HToZZTo4L_M125": {
    "xs": 0.01333521,
    "evt": 989632
  },
  "GluGluToContinToZZTo2e2mu": {
    "xs": 0.0031942,
    "evt": 499000
  },
  "GluGluToContinToZZTo2e2nu": {
    "xs": 17.73,
    "evt": 500000
  },
  "GluGluToContinToZZTo2e2tau": {
    "xs": 0.0031942,
    "evt": 500000
  },
  "GluGluToContinToZZTo2mu2nu": {
    "xs": 17.73,
    "evt": 500000
  },
  "GluGluToContinToZZTo2mu2tau": {
    "xs": 0.0031942,
    "evt": 500000
  },
  "GluGluToContinToZZTo4e": {
    "xs": 0.00158529,
    "evt": 992608
  },
  "GluGluToContinToZZTo4mu": {
    "xs": 0.00158529,
    "evt": 997445
  },
  "GluGluToContinToZZTo4tau": {
    "xs": 0.00158529,
    "evt": 499183
  },
  "ZstarTophi140A80To4Tau": {
    "xs": 0.1933,
    "evt": 185702
  },
  "ZstarTophi90A250To4Tau": {
    "xs": 0.03646,
    "evt": 186878
  },
  "ZstarTophi250A160To4Tau": {
    "xs": 0.01883,
    "evt": 187088
  },
  "ZstarTophi90A125To4Tau": {
    "xs": 0.2341,
    "evt": 185692
  },
  "ZstarTophi110A250To4Tau": {
    "xs": 0.03082,
    "evt": 86048
  },
  "ZstarTophi400A140To4Tau": {
    "xs": 0.005892,
    "evt": 86284
  },
  "ZstarTophi110A60To4Tau": {
    "xs": 0.5119,
    "evt": 184136
  },
  "ZstarTophi300A100To4Tau": {
    "xs": 0.01793,
    "evt": 187298
  },
  "ZstarTophi60A250To4Tau": {
    "xs": 0.04622,
    "evt": 186926
  },
  "ZstarTophi90A70To4Tau": {
    "xs": 0.7406,
    "evt": 84486
  },
  "ZstarTophi70A200To4Tau": {
    "xs": 0.08637,
    "evt": 186716
  },
  "ZstarTophi140A400To4Tau": {
    "xs": 0.005892,
    "evt": 86284
  },
  "ZstarTophi140A70To4Tau": {
    "xs": 0.2244,
    "evt": 185334
  },
  "ZstarTophi80A200To4Tau": {
    "xs": 0.07788,
    "evt": 186686
  },
  "ZstarTophi200A300To4Tau": {
    "xs": 0.009232,
    "evt": 86224
  },
  "ZstarTophi110A140To4Tau": {
    "xs": 0.1243,
    "evt": 186168
  },
  "ZstarTophi200A90To4Tau": {
    "xs": 0.06557,
    "evt": 186436
  },
  "ZstarTophi160A40To4Tau": {
    "xs": 0.2441,
    "evt": 85238
  },
  "ZstarTophi125A50To4Tau": {
    "xs": 0.4643,
    "evt": 84916
  },
  "ZstarTophi110A160To4Tau": {
    "xs": 0.0922,
    "evt": 186564
  },
  "ZstarTophi60A60To4Tau": {
    "xs": 2.618,
    "evt": 83292
  },
  "ZstarTophi100A90To4Tau": {
    "xs": 0.352,
    "evt": 184916
  },
  "ZstarTophi200A125To4Tau": {
    "xs": 0.04541,
    "evt": 187010
  },
  "ZstarTophi140A50To4Tau": {
    "xs": 0.3276,
    "evt": 85198
  },
  "ZstarTophi400A250To4Tau": {
    "xs": 0.003105,
    "evt": 86020
  },
  "ZstarTophi400A600To4Tau": {
    "xs": 0.0004529,
    "evt": 85664
  },
  "ZstarTophi250A200To4Tau": {
    "xs": 0.01426,
    "evt": 86348
  },
  "ZstarTophi70A90To4Tau": {
    "xs": 0.7406,
    "evt": 84486
  },
  "ZstarTophi60A100To4Tau": {
    "xs": 0.7182,
    "evt": 183644
  },
  "ZstarTophi180A50To4Tau": {
    "xs": 0.1485,
    "evt": 85514
  },
  "ZstarTophi110A50To4Tau": {
    "xs": 0.6811,
    "evt": 84606
  },
  "ZstarTophi100A400To4Tau": {
    "xs": 0.007295,
    "evt": 77492
  },
  "ZstarTophi100A100To4Tau": {
    "xs": 0.2902,
    "evt": 185136
  },
  "ZstarTophi100A300To4Tau": {
    "xs": 0.01911,
    "evt": 187298
  },
  "ZstarTophi90A40To4Tau": {
    "xs": 1.619,
    "evt": 83610
  },
  "ZstarTophi200A40To4Tau": {
    "xs": 0.115,
    "evt": 85652
  },
  "ZstarTophi90A50To4Tau": {
    "xs": 1.228,
    "evt": 83908
  },
  "ZstarTophi60A40To4Tau": {
    "xs": 7.327,
    "evt": 82126
  },
  "ZstarTophi70A300To4Tau": {
    "xs": 0.02335,
    "evt": 187314
  },
  "ZstarTophi70A125To4Tau": {
    "xs": 0.3279,
    "evt": 185092
  },
  "ZstarTophi125A300To4Tau": {
    "xs": 0.016,
    "evt": 187528
  },
  "ZstarTophi300A70To4Tau": {
    "xs": 0.02187,
    "evt": 187314
  },
  "ZstarTophi160A200To4Tau": {
    "xs": 0.03386,
    "evt": 187080
  },
  "ZstarTophi250A125To4Tau": {
    "xs": 0.02537,
    "evt": 187260
  },
  "ZstarTophi160A125To4Tau": {
    "xs": 0.07622,
    "evt": 186830
  },
  "ZstarTophi80A250To4Tau": {
    "xs": 0.03955,
    "evt": 187094
  },
  "ZstarTophi140A200To4Tau": {
    "xs": 0.04151,
    "evt": 187176
  },
  "ZstarTophi600A400To4Tau": {
    "xs": 0.0004529,
    "evt": 85664
  },
  "ZstarTophi180A200To4Tau": {
    "xs": 0.0277,
    "evt": 86068
  },
  "ZstarTophi100A125To4Tau": {
    "xs": 0.1848,
    "evt": 185628
  },
  "ZstarTophi400A125To4Tau": {
    "xs": 0.0064,
    "evt": 86238
  },
  "ZstarTophi125A140To4Tau": {
    "xs": 0.1008,
    "evt": 186334
  },
  "ZstarTophi110A80To4Tau": {
    "xs": 0.3472,
    "evt": 184358
  },
  "ZstarTophi70A160To4Tau": {
    "xs": 0.1667,
    "evt": 185758
  },
  "ZstarTophi60A90To4Tau": {
    "xs": 0.9489,
    "evt": 84370
  },
  "ZstarTophi400A160To4Tau": {
    "xs": 0.005256,
    "evt": 86312
  },
  "ZstarTophi400A400To4Tau": {
    "xs": 0.00131,
    "evt": 84892
  },