{
  "DYJetsToLL-LO": {
    "xs": 6077.22,
    "evt": 197429241
  },
  "DYJetsToLL-LO-ext1": {
    "xs": 6077.22,
    "evt": 197429241
  },
  "DY1JetsToLL-LO": {
    "xs": 6077.22,
    "evt": 197429241
  },
  "DY2JetsToLL-LO": {
    "xs": 6077.22,
    "evt": 197429241
  },
  "DY3JetsToLL-LO": {
    "xs": 6077.22,
    "evt": 197429241
  },
  "DY4JetsToLL-LO": {
    "xs": 6077.22,
    "evt": 197429241
  },
  "DYJetsToLL_M-10to50-LO": {
    "xs": 18610.0,
    "evt": 99260023
  },
  "DYJetsToLL-NLO": {
    "xs": 6077.22,
    "evt": 132321936
  },
  "DYJetsToLL_0J-NLO": {
    "xs": 6077.22,
    "evt": 132321936
  },
  "DYJetsToLL_1J-NLO": {
    "xs": 6077.22,
    "evt": 132321936
  },
  "DYJetsToLL_2J-NLO": {
    "xs": 6077.22,
    "evt": 132321936
  },
  "EWKWMinus2Jets_WToLNu": {
    "xs": 20.25,
    "evt": 4478500
  },
  "EWKWPlus2Jets_WToLNu": {
    "xs": 25.62,
    "evt": 4488000
  },
  "EWKZ2Jets_ZToLL": {
    "xs": 3.987,
    "evt": 1000000
  },
  "WJetsToLNu-LO": {
    "xs": 61526.7,
    "evt": 82360950
  },
  "W1JetsToLNu-LO": {
    "xs": 61526.7,
    "evt": 82360950
  },
  "W2JetsToLNu-LO": {
    "xs": 61526.7,
    "evt": 82360950
  },
  "W3JetsToLNu-LO": {
    "xs": 61526.7,
    "evt": 82360950
  },
  "W4JetsToLNu-LO": {
    "xs": 61526.7,
    "evt": 82360950
  },
  "TTTo2L2Nu": {
    "xs": 88.29,
    "evt": 144779452
  },
  "TTToHadronic": {
    "xs": 377.96,
    "evt": 340474654
  },
  "TTToSemiLeptonic": {
    "xs": 365.34,
    "evt": 475064430
  },
  "WZTo1L3Nu": {
    "xs": 3.416,
    "evt": 1433640
  },
  "WZTo1L1Nu2Q": {
    "xs": 10.71,
    "evt": 4262213
  },
  "WZTo2Q2L": {
    "xs": 6.419,
    "evt": 17820214
  },
  "WZTo3LNu": {
    "xs": 5.213,
    "evt": 6482815
  },
  "WWTo1L1Nu2Q": {
    "xs": 49.997,
    "evt": 24232603
  },
  "WWTo2L2Nu": {
    "xs": 11.09,
    "evt": 9956710
  },
  "ZZTo2L2Nu": {
    "xs": 0.9738,
    "evt": 56747931
  },
  "ZZTo4L": {
    "xs": 1.256,
    "evt": 98177574
  },
  "WW": {
    "xs": 75.95,
    "evt": 98177574
  },
  "WZ": {
    "xs": 27.59,
    "evt": 98177574
  },
  "ZZ": {
    "xs": 12.17,
    "evt": 98177574
  },
  "WWZ": {
    "xs": 0.1707,
    "evt": 9261399
  },
  "WWZ-ext1": {
    "xs": 0.1707,
    "evt": 9261399
  },
  "WZZ": {
    "xs": 0.05709,
    "evt": 9346132
  },
  "WZZ-ext1": {
    "xs": 0.05709,
    "evt": 9346132
  },
  "WWW": {
    "xs": 0.2158,
    "evt": 9185820
  },
  "WWW-ext1": {
    "xs": 0.2158,
    "evt": 9185820
  },
  "ZZZ": {
    "xs": 0.01476,
    "evt": 9034475
  },
  "ZZZ-ext1": {
    "xs": 0.01476,
    "evt": 9034475
  },
  "WGToLNuG": {
    "xs": 510.6,
    "evt": 9850083
  },
  "Tbar-t": {
    "xs": 80.95,
    "evt": 90216506
  },
  "Tbar-tW": {
    "xs": 35.6,
    "evt": 7748690
  },
  "T-t": {
    "xs": 136.02,
    "evt": 167505220
  },
  "T-tW": {
    "xs": 35.6,
    "evt": 7955314
  },
  "GluGluHToTauTau_M125": {
    "xs": 3.045966,
    "evt": 12831794
  },
  "VBFHToTauTau_M125": {
    "xs": 0.2371,
    "evt": 2983092
  },
  "WminusHToTauTau_M125": {
    "xs": 0.03340,
    "evt": 3630156
  },
  "WplusHToTauTau_M125": {
    "xs": 0.05266,
    "evt": 3750472
  },
  "ZHToTauTau_M125": {
    "xs": 0.05542,
    "evt": 9268207
  },
  "ZHToTauTau_M125-ext1": {
    "xs": 0.05542,
    "evt": 9268207
  },
  "ttHToTauTau_M125": {
    "xs": 0.0318,
    "evt": 4573467
  },
  "VBF_HToZZTo4L_M125": {
    "xs": 0.001038159,
    "evt": 476364
  },
  "GluGlu_HToZZTo4L_M125": {
    "xs": 0.01333521,
    "evt": 930282
  },
  "GluGluToContinToZZTo2e2mu": {
    "xs": 0.0031942,
    "evt": 500000
  },
  "GluGluToContinToZZTo2e2nu": {
    "xs": 17.73,
    "evt": 500000
  },
  "GluGluToContinToZZTo2e2tau": {
    "xs": 0.0031942,
    "evt": 500000
  },
  "GluGluToContinToZZTo2mu2nu": {
    "xs": 17.73,
    "evt": 500000
  },
  "GluGluToContinToZZTo2mu2tau": {
    "xs": 0.0031942,
    "evt": 496000
  },
  "GluGluToContinToZZTo4e": {
    "xs": 0.00158529,
    "evt": 974000
  },
  "GluGluToContinToZZTo4mu": {
    "xs": 0.00158529,
    "evt": 845232
  },
  "GluGluToContinToZZTo4tau": {
    "xs": 0.00158529,
    "evt": 493998
  },
  "ZstarTophi140A80To4Tau": {
    "xs": 0.1933,
    "evt": 185492
  },
  "ZstarTophi90A250To4Tau": {
    "xs": 0.03646,
    "evt": 187112
  },
  "ZstarTophi250A160To4Tau": {
    "xs": 0.01883,
    "evt": 187214
  },
  "ZstarTophi90A125To4Tau": {
    "xs": 0.2341,
    "evt": 185724
  },
  "ZstarTophi110A250To4Tau": {
    "xs": 0.03082,
    "evt": 187318
  },
  "ZstarTophi400A140To4Tau": {
    "xs": 0.005892,
    "evt": 187038
  },
  "ZstarTophi110A60To4Tau": {
    "xs": 0.5119,
    "evt": 183994
  },
  "ZstarTophi300A100To4Tau": {
    "xs": 0.01793,
    "evt": 187222
  },
  "ZstarTophi60A250To4Tau": {
    "xs": 0.04622,
    "evt": 186722
  },
  "ZstarTophi90A70To4Tau": {
    "xs": 0.7406,
    "evt": 183362
  },
  "ZstarTophi70A200To4Tau": {
    "xs": 0.08637,
    "evt": 186622
  },
  "ZstarTophi140A400To4Tau": {
    "xs": 0.005892,
    "evt": 187038
  },
  "ZstarTophi140A70To4Tau": {
    "xs": 0.2244,
    "evt": 185372
  },
  "ZstarTophi80A200To4Tau": {
    "xs": 0.07788,
    "evt": 186576
  },
  "ZstarTophi200A300To4Tau": {
    "xs": 0.009232,
    "evt": 187006
  },
  "ZstarTophi110A140To4Tau": {
    "xs": 0.1243,
    "evt": 186054
  },
  "ZstarTophi200A90To4Tau": {
    "xs": 0.06557,
    "evt": 186324
  },
  "ZstarTophi160A40To4Tau": {
    "xs": 0.2441,
    "evt": 185286
  },
  "ZstarTophi125A50To4Tau": {
    "xs": 0.4643,
    "evt": 182428
  },
  "ZstarTophi110A160To4Tau": {
    "xs": 0.0922,
    "evt": 186506
  },
  "ZstarTophi60A60To4Tau": {
    "xs": 2.618,
    "evt": 181206
  },
  "ZstarTophi100A90To4Tau": {
    "xs": 0.352,
    "evt": 184654
  },
  "ZstarTophi200A125To4Tau": {
    "xs": 0.04541,
    "evt": 187154
  },
  "ZstarTophi140A50To4Tau": {
    "xs": 0.3276,
    "evt": 184932
  },
  "ZstarTophi400A250To4Tau": {
    "xs": 0.003105,
    "evt": 187244
  },
  "ZstarTophi400A600To4Tau": {
    "xs": 0.0004529,
    "evt": 186492
  },
  "ZstarTophi250A200To4Tau": {
    "xs": 0.01426,
    "evt": 187230
  },
  "ZstarTophi70A90To4Tau": {
    "xs": 0.7406,
    "evt": 183362
  },
  "ZstarTophi60A100To4Tau": {
    "xs": 0.7182,
    "evt": 183624
  },
  "ZstarTophi180A50To4Tau": {
    "xs": 0.1485,
    "evt": 186024
  },
  "ZstarTophi110A50To4Tau": {
    "xs": 0.6811,
    "evt": 183790
  },
  "ZstarTophi100A400To4Tau": {
    "xs": 0.007295,
    "evt": 187104
  },
  "ZstarTophi100A100To4Tau": {
    "xs": 0.2902,
    "evt": 185274
  },
  "ZstarTophi100A300To4Tau": {
    "xs": 0.01911,
    "evt": 187222
  },
  "ZstarTophi90A40To4Tau": {
    "xs": 1.619,
    "evt": 181828
  },
  "ZstarTophi200A40To4Tau": {
    "xs": 0.115,
    "evt": 186082
  },
  "ZstarTophi90A50To4Tau": {
    "xs": 1.228,
    "evt": 182738
  },
  "ZstarTophi60A40To4Tau": {
    "xs": 7.327,
    "evt": 178896
  },
  "ZstarTophi70A300To4Tau": {
    "xs": 0.02335,
    "evt": 187536
  },
  "ZstarTophi70A125To4Tau": {
    "xs": 0.3279,
    "evt": 184994
  },
  "ZstarTophi125A300To4Tau": {
    "xs": 0.016,
    "evt": 187514
  },
  "ZstarTophi300A70To4Tau": {
    "xs": 0.02187,
    "evt": 187536
  },
  "ZstarTophi160A200To4Tau": {
    "xs": 0.03386,
    "evt": 186688
  },
  "ZstarTophi250A125To4Tau": {
    "xs": 0.02537,
    "evt": 187104
  },
  "ZstarTophi160A125To4Tau": {
    "xs": 0.07622,
    "evt": 186754
  },
  "ZstarTophi80A250To4Tau": {
    "xs": 0.03955,
    "evt": 186856
  },
  "ZstarTophi140A200To4Tau": {
    "xs": 0.04151,
    "evt": 186936
  },
  "ZstarTophi600A400To4Tau": {
    "xs": 0.0004529,
    "evt": 186492
  },
  "ZstarTophi180A200To4Tau": {
    "xs": 0.0277,
    "evt": 187254
  },
  "ZstarTophi100A125To4Tau": {
    "xs": 0.1848,
    "evt": 185586
  },
  "ZstarTophi400A125To4Tau": {
    "xs": 0.0064,
    "evt": 187304
  },
  "ZstarTophi125A140To4Tau": {
    "xs": 0.1008,
    "evt": 186240
  },
  "ZstarTophi110A80To4Tau": {
    "xs": 0.3472,
    "evt": 184492
  },
  "ZstarTophi70A160To4Tau": {
    "xs": 0.1667,
    "evt": 184830
  },
  "ZstarTophi60A90To4Tau": {
    "xs": 0.9489,