{
  "DY1JetsToLL-LO": {
    "xs": 6077.22,
    "evt": 92023543
  },
  "DY2JetsToLL-LO": {
    "xs": 6077.22,
    "evt": 92023543
  },
  "DY3JetsToLL-LO": {
    "xs": 6077.22,
    "evt": 92023543
  },
  "DY4JetsToLL-LO": {
    "xs": 6077.22,
    "evt": 92023543
  },
  "DYJetsToLL-LO": {
    "xs": 6077.22,
    "evt": 92023543
  },
  "DYJetsToLL_M-10to50-LO": {
    "xs": 18610,
    "evt": 32305345
  },
  "DYJetsToLL_0J-NLO": {
    "xs": 6077.22,
    "evt": 61968877
  },
  "DYJetsToLL_1J-NLO": {
    "xs": 6077.22,
    "evt": 61968877
  },
  "DYJetsToLL_2J-NLO": {
    "xs": 6077.22,
    "evt": 61968877
  },
  "DYJetstoLL-NLO": {
    "xs": 6077.22,
    "evt": 61968877
  },
  "EWKWMinus2Jets_WToLNu": {
    "xs": 20.25,
    "evt": 2248000
  },
  "EWKWPlus2Jets_WToLNu": {
    "xs": 25.62,
    "evt": 2185000
  },
  "EWKZ2Jets_ZToLL": {
    "xs": 3.987,
    "evt": 487800
  },
  "W1JetsToLNu-LO": {
    "xs": 61526.7,
    "evt": 74355906
  },
  "W2JetsToLNu-LO": {
    "xs": 61526.7,
    "evt": 74355906
  },
  "W3JetsToLNu-LO": {
    "xs": 61526.7,
    "evt": 74355906
  },
  "W4JetsToLNu-LO": {
    "xs": 61526.7,
    "evt": 74355906
  },
  "WJetsToLNu-LO": {
    "xs": 61526.7,
    "evt": 74355906
  },
  "TTTo2L2Nu": {
    "xs": 88.29,
    "evt": 36056407
  },
  "TTToHadronic": {
    "xs": 377.96,
    "evt": 92046787
  },
  "TTToSemiLeptonic": {
    "xs": 365.34,
    "evt": 124579435
  },
  "WZTo1L3Nu": {
    "xs": 3.416,
    "evt": 710207
  },
  "WZTo1L1Nu2Q": {
    "xs": 10.71,
    "evt": 5893164
  },
  "WZTo2Q2L": {
    "xs": 6.419,
    "evt": 9780384
  },
  "WZTo3LNu": {
    "xs": 5.213,
    "evt": 6366314
  },
  "WWTo1L1Nu2Q": {
    "xs": 49.997,
    "evt": 5733496
  },
  "WWTo2L2Nu": {
    "xs": 11.09,
    "evt": 2987346
  },
  "ZZTo2L2Nu": {
    "xs": 0.9738,
    "evt": 16766154
  },
  "ZZTo4L": {
    "xs": 13.81,
    "evt": 18614121
  },
  "WW": {
    "xs": 75.95,
    "evt": 15824964
  },
  "WZ": {
    "xs": 27.59,
    "evt": 7886600
  },
  "ZZ": {
    "xs": 12.17,
    "evt": 1282000
  },
  "WWZ": {
    "xs": 0.1707,
    "evt": 73734
  },
  "WWZ-ext1": {
    "xs": 0.1707,
    "evt": 4417951
  },
  "WZZ": {
    "xs": 0.05709,
    "evt": 145164
  },
  "WZZ-ext1": {
    "xs": 0.05709,
    "evt": 4897306
  },
  "WWW": {
    "xs": 0.2158,
    "evt": 64296
  },
  "WWW-ext1": {
    "xs": 0.2158,
    "evt": 4599006
  },
  "ZZZ": {
    "xs": 0.01476,
    "evt": 71860
  },
  "ZZZ-ext1": {
    "xs": 0.01476,
    "evt": 4417030
  },
  "WGToLNuG": {
    "xs": 489,
    "evt": 9710293
  },
  "Tbar-t": {
    "xs": 80.95,
    "evt": 30760512
  },
  "Tbar-tW": {
    "xs": 35.6,
    "evt": 2253510
  },
  "T-t": {
    "xs": 136.02,
    "evt": 52308122
  },
  "T-tW": {
    "xs": 35.6,
    "evt": 2218567
  },
  "GluGluHToTauTau_M125": {
    "xs": 3.045966,
    "evt": 6379900
  },
  "VBFHToTauTau_M125": {
    "xs": 0.2371,
    "evt": 1393088
  },
  "WminusHToTauTau_M125": {
    "xs": 0.03340,
    "evt": 1871897
  },
  "WplusHToTauTau_M125": {
    "xs": 0.05266,
    "evt": 1809670
  },
  "ZHToTauTau_M125": {
    "xs": 0.05542,
    "evt": 2235654
  },
  "ttHToTauTau_M125": {
    "xs": 0.0318,
    "evt": 10639028
  },
  "SingleElectron": {
    "lumi": 19520
  },
  "SingleMuon": {
    "lumi": 19520
  },
  "Tau": {
    "lumi": 19520
  },
  "MuonEG": {
    "lumi": 19520
  }
}
