{
  "DY1JetsToLL-LO": {
    "xs": 6077.22,
    "evt": 103265734
  },
  "DY2JetsToLL-LO": {
    "xs": 6077.22,
    "evt": 103265734
  },
  "DY3JetsToLL-LO": {
    "xs": 6077.22,
    "evt": 103265734
  },
  "DY4JetsToLL-LO": {
    "xs": 6077.22,
    "evt": 103265734
  },
  "DYJetsToLL-LO": {
    "xs": 6077.22,
    "evt": 103265734
  },
  "DYJetsToLL_M-10to50-LO": {
    "xs": 18610.0,
    "evt": 70530127
  },
  "DYJetsToLL-NLO": {
    "xs": 6077.22,
    "evt": 132006980
  },
  "DYJetsToLL_0J-NLO": {
    "xs": 6077.22,
    "evt": 132006980
  },
  "DYJetsToLL_1J-NLO": {
    "xs": 6077.22,
    "evt": 132006980
  },
  "DYJetsToLL_2J-NLO": {
    "xs": 6077.22,
    "evt": 132006980
  },
  "EWKWMinus2Jets_WToLNu": {
    "xs": 20.25,
    "evt": 4482000
  },
  "EWKWPlus2Jets_WToLNu": {
    "xs": 25.62,
    "evt": 4497000
  },
  "EWKZ2Jets_ZToLL": {
    "xs": 3.987,
    "evt": 978436
  },
  "WJetsToLNu-LO": {
    "xs": 61526.7,
    "evt": 81204986
  },
  "W1JetsToLNu-LO": {
    "xs": 61526.7,
    "evt": 81204986
  },
  "W2JetsToLNu-LO": {
    "xs": 61526.7,
    "evt": 81204986
  },
  "W3JetsToLNu-LO": {
    "xs": 61526.7,
    "evt": 81204986
  },
  "W4JetsToLNu-LO": {
    "xs": 61526.7,
    "evt": 81204986
  },
  "TTTo2L2Nu": {
    "xs": 88.29,
    "evt": 106075124
  },
  "TTToHadronic": {
    "xs": 377.96,
    "evt": 246951349
  },
  "TTToSemiLeptonic": {
    "xs": 365.34,
    "evt": 352728952
  },
  "WZTo1L3Nu": {
    "xs": 3.416,
    "evt": 1424400
  },
  "WZTo1L1Nu2Q": {
    "xs": 10.71,
    "evt": 4232528
  },
  "WZTo2Q2L": {
    "xs": 6.419,
    "evt": 18136498
  },
  "WZTo3LNu": {
    "xs": 5.213,
    "evt": 6516818
  },
  "WWTo1L1Nu2Q": {
    "xs": 49.997,
    "evt": 24015187
  },
  "WWTo2L2Nu": {
    "xs": 11.09,
    "evt": 7061394
  },
  "ZZTo2L2Nu": {
    "xs": 0.9738,
    "evt": 40739402
  },
  "ZZTo4L": {
    "xs": 1.325,
    "evt": 97476053
  },
  "WW": {
    "xs": 75.95,
    "evt": 15883000
  },
  "WZ": {
    "xs": 27.59,
    "evt": 7898000
  },
  "ZZ": {
    "xs": 12.17,
    "evt": 2708000
  },
  "WWZ": {
    "xs": 0.1707,
    "evt": 161398
  },
  "WWZ-ext1": {
    "xs": 0.1707,
    "evt": 9022024
  },
  "WZZ": {
    "xs": 0.05709,
    "evt": 268438
  },
  "WZZ-ext1": {
    "xs": 0.05709,
    "evt": 8958992
  },
  "WWW": {
    "xs": 0.2158,
    "evt": 154830
  },
  "WWW-ext1": {
    "xs": 0.2158,
    "evt": 9046746
  },
  "ZZZ": {
    "xs": 0.01476,
    "evt": 158612
  },
  "ZZZ-ext1": {
    "xs": 0.01476,
    "evt": 8894546
  },
  "WGToLNuG": {
    "xs": 510.6,
    "evt": 10266079
  },
  "Tbar-t": {
    "xs": 80.95,
    "evt": 65382040
  },
  "Tbar-tW": {
    "xs": 35.6,
    "evt": 5482612
  },
  "T-t": {
    "xs": 136.02,
    "evt": 119140728
  },
  "T-tW": {
    "xs": 35.6,
    "evt": 5668712
  },
  "GluGluHToTauTau_M125": {
    "xs": 3.045966,
    "evt": 12828328
  },
  "VBFHToTauTau_M125": {
    "xs": 0.2371,
    "evt": 2847788
  },
  "WminusHToTauTau_M125": {
    "xs": 0.03340,
    "evt": 3626452
  },
  "WplusHToTauTau_M125": {
    "xs": 0.05266,
    "evt": 3675932
  },
  "ZHToTauTau_M125": {
    "xs": 0.05542,
    "evt": 4628725
  },
  "ttHToTauTau_M125": {
    "xs": 0.0318,
    "evt": 21249456
  },
  "VBF_HToZZTo4L_M125": {
    "xs": 0.001038159,
    "evt": 498286
  },
  "GluGlu_HToZZTo4L_M125": {
    "xs": 0.01333521,
    "evt": 987728
  },
  "ZstarTophi100A100To4Tau": {
    "xs": 0.2902,
    "evt": 184892
  },
  "ZstarTophi100A125To4Tau": {
    "xs": 0.1848,
    "evt": 185616
  },
  "ZstarTophi100A140To4Tau": {
    "xs": 0.1438,
    "evt": 186158
  },
  "ZstarTophi100A160To4Tau": {
    "xs": 0.105,
    "evt": 186468
  },
  "ZstarTophi100A60To4Tau": {
    "xs": 0.659,
    "evt": 183578
  },
  "ZstarTophi100A70To4Tau": {
    "xs": 0.5302,
    "evt": 184044
  },
  "ZstarTophi100A80To4Tau": {
    "xs": 0.4309,
    "evt": 184048
  },
  "ZstarTophi100A90To4Tau": {
    "xs": 0.352,
    "evt": 184822
  },
  "ZstarTophi110A100To4Tau": {
    "xs": 0.2411,
    "evt": 185174
  },
  "ZstarTophi110A125To4Tau": {
    "xs": 0.1579,
    "evt": 185976
  },
  "ZstarTophi110A140To4Tau": {
    "xs": 0.1243,
    "evt": 185914
  },
  "ZstarTophi110A160To4Tau": {
    "xs": 0.0922,
    "evt": 186494
  },
  "ZstarTophi110A60To4Tau": {
    "xs": 0.5119,
    "evt": 184154
  },
  "ZstarTophi110A70To4Tau": {
    "xs": 0.4198,
    "evt": 184270
  },
  "ZstarTophi110A80To4Tau": {
    "xs": 0.3472,
    "evt": 184858
  },
  "ZstarTophi110A90To4Tau": {
    "xs": 0.2884,
    "evt": 185074
  },
  "ZstarTophi125A100To4Tau": {
    "xs": 0.1848,
    "evt": 185764
  },
  "ZstarTophi125A125To4Tau": {
    "xs": 0.1256,
    "evt": 186136
  },
  "ZstarTophi125A140To4Tau": {
    "xs": 0.1008,
    "evt": 186408
  },
  "ZstarTophi125A160To4Tau": {
    "xs": 0.07622,
    "evt": 186696
  },
  "ZstarTophi125A60To4Tau": {
    "xs": 0.3604,
    "evt": 184488
  },
  "ZstarTophi125A70To4Tau": {
    "xs": 0.3035,
    "evt": 184990
  },
  "ZstarTophi125A80To4Tau": {
    "xs": 0.2561,
    "evt": 184406
  },
  "ZstarTophi125A90To4Tau": {
    "xs": 0.2172,
    "evt": 185292
  },
  "ZstarTophi140A100To4Tau": {
    "xs": 0.1438,
    "evt": 186086
  },
  "ZstarTophi140A125To4Tau": {
    "xs": 0.1009,
    "evt": 186378
  },
  "ZstarTophi140A140To4Tau": {
    "xs": 0.08223,
    "evt": 186490
  },
  "ZstarTophi140A160To4Tau": {
    "xs": 0.06333,
    "evt": 186658
  },
  "ZstarTophi140A60To4Tau": {
    "xs": 0.2612,
    "evt": 185180
  },
  "ZstarTophi140A70To4Tau": {
    "xs": 0.2244,
    "evt": 185162
  },
  "ZstarTophi140A80To4Tau": {
    "xs": 0.1933,
    "evt": 185504
  },
  "ZstarTophi140A90To4Tau": {
    "xs": 0.1665,
    "evt": 185762
  },
  "ZstarTophi160A100To4Tau": {
    "xs": 0.105,
    "evt": 186362
  },
  "ZstarTophi160A125To4Tau": {
    "xs": 0.07622,
    "evt": 186532
  },
  "ZstarTophi160A140To4Tau": {
    "xs": 0.06333,
    "evt": 187000
  },
  "ZstarTophi160A160To4Tau": {
    "xs": 0.04988,
    "evt": 185162
  },
  "ZstarTophi160A60To4Tau": {
    "xs": 0.1765,
    "evt": 185776
  },
  "ZstarTophi160A70To4Tau": {
    "xs": 0.1551,
    "evt": 185458
  },
  "ZstarTophi160A80To4Tau": {
    "xs": 0.1361,
    "evt": 185810
  },
  "ZstarTophi160A90To4Tau": {
    "xs": 0.1193,
    "evt": 186152
  },
  "ZstarTophi180A100To4Tau": {
    "xs": 0.07796,
    "evt": 186486
  },
  "ZstarTophi180A125To4Tau": {
    "xs": 0.05837,
    "evt": 186890
  },
  "ZstarTophi180A140To4Tau": {
    "xs": 0.04938,
    "evt": 186924
  },
  "ZstarTophi180A160To4Tau": {
    "xs": 0.03959,
    "evt": 187194
  },
  "ZstarTophi180A60To4Tau": {
    "xs": 0.1236,
    "evt": 185934
  },
  "ZstarTophi180A70To4Tau": {
    "xs": 0.1104,
    "evt": 186488
  },
  "ZstarTophi180A80To4Tau": {
    "xs": 0.09847,
    "evt": 186470
  },
  "ZstarTophi180A90To4Tau": {
    "xs": 0.08766,
    "evt": 186390
  },
  "ZstarTophi200A100To4Tau": {
    "xs": 0.05897,
    "evt": 186958
  },
  "ZstarTophi200A125To4Tau": {
    "xs": 0.04541,
    "evt": 186310
  },
  "ZstarTophi200A140To4Tau": {
    "xs": 0.03887,
    "evt": 187150
  },
  "ZstarTophi200A160To4Tau": {
    "xs": 0.0317,
    "evt": 187352
  },
  "ZstarTophi200A60To4Tau": {
    "xs": 0.08911,
    "evt": 186820
  },
  "ZstarTophi200A70To4Tau": {
    "xs": 0.08062,
    "evt": 186414
  },
  "ZstarTophi200A80To4Tau": {
    "xs": 0.07276,
    "evt": 186490
  },
  "ZstarTophi200A90To4Tau": {
    "xs": 0.06557,
    "evt": 186508
  },
  "ZstarTophi250A100To4Tau": {
    "xs": 0.03143,
    "evt": 186962
  },
  "ZstarTophi250A125To4Tau": {
    "xs": 0.02537,
    "evt": 187250
  },
  "ZstarTophi250A140To4Tau": {
    "xs": 0.02231,
    "evt": 187232
  },
  "ZstarTophi250A160To4Tau": {
    "xs": 0.01883,
    "evt": 187472
  },
  "ZstarTophi250A60To4Tau": {
    "xs": 0.04321,
    "evt": 186642
  },
  "ZstarTophi250A70To4Tau": {
    "xs": 0.04007,
    "evt": 186000
  },
  "ZstarTophi250A80To4Tau": {
    "xs": 0.037,
    "evt": 187212
  },
  "ZstarTophi250A90To4Tau": {
    "xs": 0.03413,
    "evt": 186918
  },
  "ZstarTophi300A100To4Tau": {
    "xs": 0.01793,
    "evt": 187254
  },