{
  "DY1JetsToLL-LO": {
    "xs": 6077.22,
    "evt": 95170542
  },
  "DY2JetsToLL-LO": {
    "xs": 6077.22,
    "evt": 95170542
  },
  "DY3JetsToLL-LO": {
    "xs": 6077.22,
    "evt": 95170542
  },
  "DY4JetsToLL-LO": {
    "xs": 6077.22,
    "evt": 95170542
  },
  "DYJetsToLL-LO": {
    "xs": 6077.22,
    "evt": 95170542
  },
  "DYJetsToLL_M-10to50-LO": {
    "xs": 18610,
    "evt": 25799525
  },
  "DYJetsToLL_0J-NLO": {
    "xs": 6077.22,
    "evt": 61134271
  },
  "DYJetsToLL_1J-NLO": {
    "xs": 6077.22,
    "evt": 61134271
  },
  "DYJetsToLL_2J-NLO": {
    "xs": 6077.22,
    "evt": 61134271
  },
  "DYJetsToLL-NLO": {
    "xs": 6077.22,
    "evt": 61134271
  },
  "EWKWMinus2Jets_WToLNu": {
    "xs": 20.25,
    "evt": 2248000
  },
  "EWKWPlus2Jets_WToLNu": {
    "xs": 25.62,
    "evt": 2185000
  },
  "EWKZ2Jets_ZToLL": {
    "xs": 3.987,
    "evt": 500000
  },
  "W1JetsToLNu-LO": {
    "xs": 61526.7,
    "evt": 74676349
  },
  "W2JetsToLNu-LO": {
    "xs": 61526.7,
    "evt": 74676349
  },
  "W3JetsToLNu-LO": {
    "xs": 61526.7,
    "evt": 74676349
  },
  "W4JetsToLNu-LO": {
    "xs": 61526.7,
    "evt": 74676349
  },
  "WJetsToLNu-LO": {
    "xs": 61526.7,
    "evt": 74676349
  },
  "TTTo2L2Nu": {
    "xs": 88.29,
    "evt": 37202074
  },
  "TTToHadronic": {
    "xs": 377.96,
    "evt": 96762262
  },
  "TTToSemiLeptonic": {
    "xs": 365.34,
    "evt": 131031636
  },
  "WZTo1L3Nu": {
    "xs": 3.416,
    "evt": 710207
  },
  "WZTo1L1Nu2Q": {
    "xs": 10.71,
    "evt": 2131873
  },
  "WZTo2Q2L": {
    "xs": 6.419,
    "evt": 9780392
  },
  "WZTo3LNu": {
    "xs": 5.213,
    "evt": 6363896
  },
  "WWTo1L1Nu2Q": {
    "xs": 49.997,
    "evt": 12074822
  },
  "WWTo2L2Nu": {
    "xs": 11.09,
    "evt": 3006596
  },
  "ZZTo2L2Nu": {
    "xs": 0.9738,
    "evt": 16826232
  },
  "ZZTo4L": {
    "xs": 1.256,
    "evt": 49189654
  },
  "WW": {
    "xs": 75.95,
    "evt": 49189654
  },
  "WZ": {
    "xs": 27.59,
    "evt": 49189654
  },
  "ZZ": {
    "xs": 12.17,
    "evt": 49189654
  },
  "WWZ": {
    "xs": 0.1707,
    "evt": 73734
  },
  "WWZ-ext1": {
    "xs": 0.1707,
    "evt": 4601004
  },
  "WZZ": {
    "xs": 0.05709,
    "evt": 145164
  },
  "WZZ-ext1": {
    "xs": 0.05709,
    "evt": 4897306
  },
  "WWW": {
    "xs": 0.2158,
    "evt": 64296
  },
  "WWW-ext1": {
    "xs": 0.2158,
    "evt": 4704622
  },
  "ZZZ": {
    "xs": 0.01476,
    "evt": 71860
  },
  "ZZZ-ext1": {
    "xs": 0.01476,
    "evt": 4725950
  },
  "WGToLNuG": {
    "xs": 489,
    "evt": 9714707
  },
  "Tbar-t": {
    "xs": 80.95,
    "evt": 24546678
  },
  "Tbar-tW": {
    "xs": 35.6,
    "evt": 2299866
  },
  "T-t": {
    "xs": 136.02,
    "evt": 52437432
  },
  "T-tW": {
    "xs": 35.6,
    "evt": 2299880
  },
  "GluGluHToTauTau_M125": {
    "xs": 3.045966,
    "evt": 6364054
  },
  "VBFHToTauTau_M125": {
    "xs": 0.2371,
    "evt": 1393088
  },
  "WminusHToTauTau_M125": {
    "xs": 0.03340,
    "evt": 1871897
  },
  "WplusHToTauTau_M125": {
    "xs": 0.05266,
    "evt": 1809670
  },
  "ZHToTauTau_M125": {
    "xs": 0.05542,
    "evt": 2337632
  },
  "ttHToTauTau_M125": {
    "xs": 0.0318,
    "evt": 2337632
  },
  "VBF_HToZZTo4L_M125": {
    "xs": 0.001038159,
    "evt": 499120
  },
  "GluGlu_HToZZTo4L_M125": {
    "xs": 0.01333521,
    "evt": 983284
  },
  "GluGluToContinToZZTo2e2mu": {
    "xs": 0.0031942,
    "evt": 500000
  },
  "GluGluToContinToZZTo2e2nu": {
    "xs": 17.73,
    "evt": 500000
  },
  "GluGluToContinToZZTo2e2tau": {
    "xs": 0.0031942,
    "evt": 500000
  },
  "GluGluToContinToZZTo2mu2nu": {
    "xs": 17.73,
    "evt": 500000
  },
  "GluGluToContinToZZTo2mu2tau": {
    "xs": 0.0031942,
    "evt": 500000
  },
  "GluGluToContinToZZTo4e": {
    "xs": 0.00158529,
    "evt": 972000
  },
  "GluGluToContinToZZTo4mu": {
    "xs": 0.00158529,
    "evt": 968675
  },
  "GluGluToContinToZZTo4tau": {
    "xs": 0.00158529,
    "evt": 497032
  },
  "ZstarTophi140A80To4Tau": {
    "xs": 0.1933,
    "evt": 185576
  },
  "ZstarTophi110A60To4Tau": {
    "xs": 0.5119,
    "evt": 183946
  },
  "ZstarTophi300A100To4Tau": {
    "xs": 0.01793,
    "evt": 187044
  },
  "ZstarTophi140A70To4Tau": {
    "xs": 0.2244,
    "evt": 185136
  },
  "ZstarTophi110A140To4Tau": {
    "xs": 0.1243,
    "evt": 186286
  },
  "ZstarTophi200A90To4Tau": {
    "xs": 0.06557,
    "evt": 186730
  },
  "ZstarTophi100A90To4Tau": {
    "xs": 0.352,
    "evt": 184600
  },
  "ZstarTophi200A125To4Tau": {
    "xs": 0.04541,
    "evt": 186846
  },
  "ZstarTophi100A100To4Tau": {
    "xs": 0.2902,
    "evt": 185082
  },
  "ZstarTophi300A70To4Tau": {
    "xs": 0.02187,
    "evt": 187226
  },
  "ZstarTophi250A125To4Tau": {
    "xs": 0.02537,
    "evt": 187132
  },
  "ZstarTophi160A125To4Tau": {
    "xs": 0.07622,
    "evt": 186896
  },
  "ZstarTophi250A160To4Tau": {
    "xs": 0.01883,
    "evt": 187170
  },
  "ZstarTophi100A125To4Tau": {
    "xs": 0.1848,
    "evt": 185788
  },
  "ZstarTophi300A90To4Tau": {
    "xs": 0.01921,
    "evt": 187276
  },
  "ZstarTophi125A140To4Tau": {
    "xs": 0.1008,
    "evt": 186202
  },
  "ZstarTophi110A80To4Tau": {
    "xs": 0.3472,
    "evt": 184442
  },
  "ZstarTophi100A60To4Tau": {
    "xs": 0.659,
    "evt": 183556
  },
  "ZstarTophi200A160To4Tau": {
    "xs": 0.0317,
    "evt": 187012
  },
  "ZstarTophi100A160To4Tau": {
    "xs": 0.105,
    "evt": 186514
  },
  "ZstarTophi180A90To4Tau": {
    "xs": 0.08766,
    "evt": 186346
  },
  "ZstarTophi110A90To4Tau": {
    "xs": 0.2884,
    "evt": 185345
  },
  "ZstarTophi110A70To4Tau": {
    "xs": 0.4198,
    "evt": 184642
  },
  "ZstarTophi125A70To4Tau": {
    "xs": 0.3035,
    "evt": 185002
  },
  "ZstarTophi300A80To4Tau": {
    "xs": 0.02051,
    "evt": 187046
  },
  "ZstarTophi160A160To4Tau": {
    "xs": 0.04988,
    "evt": 187080
  },
  "ZstarTophi180A125To4Tau": {
    "xs": 0.05837,
    "evt": 186880
  },
  "ZstarTophi200A60To4Tau": {
    "xs": 0.08911,
    "evt": 186562
  },
  "ZstarTophi250A100To4Tau": {
    "xs": 0.03143,
    "evt": 186996
  },
  "ZstarTophi200A70To4Tau": {
    "xs": 0.08062,
    "evt": 186514
  },
  "ZstarTophi140A160To4Tau": {
    "xs": 0.06333,
    "evt": 186864
  },
  "ZstarTophi300A125To4Tau": {
    "xs": 0.01501,
    "evt": 187424
  },
  "ZstarTophi160A90To4Tau": {
    "xs": 0.1193,
    "evt": 185512
  },
  "ZstarTophi250A80To4Tau": {
    "xs": 0.037,
    "evt": 186804
  },
  "ZstarTophi140A125To4Tau": {
    "xs": 0.1009,
    "evt": 186707
  },
  "ZstarTophi160A60To4Tau": {
    "xs": 0.1765,
    "evt": 185838
  },
  "ZstarTophi140A100To4Tau": {
    "xs": 0.1438,
    "evt": 186196
  },
  "ZstarTophi200A100To4Tau": {
    "xs": 0.05897,
    "evt": 186808
  },
  "ZstarTophi180A100To4Tau": {
    "xs": 0.07796,
    "evt": 186196
  },
  "ZstarTophi300A60To4Tau": {
    "xs": 0.02322,
    "evt": 187256
  },
  "ZstarTophi125A100To4Tau": {
    "xs": 0.1848,
    "evt": 185950
  },
  "ZstarTophi100A80To4Tau": {
    "xs": 0.4309,
    "evt": 184480
  },
  "ZstarTophi160A70To4Tau": {
    "xs": 0.1551,
    "evt": 185884
  },
  "ZstarTophi250A60To4Tau": {
    "xs": 0.04321,
    "evt": 187068
  },
  "ZstarTophi180A80To4Tau": {
    "xs": 0.09847,
    "evt": 186368
  },
  "ZstarTophi125A80To4Tau": {
    "xs": 0.2561,
    "evt": 185274
  },
  "ZstarTophi125A90To4Tau": {
    "xs": 0.2172,
    "evt": 185880
  },
  "ZstarTophi180A70To4Tau": {
    "xs": 0.1104,
    "evt": 186406
  },
  "ZstarTophi250A140To4Tau": {
    "xs": 0.02231,
    "evt": 187248
  },
  "ZstarTophi160A100To4Tau": {
    "xs": 0.105,
    "evt": 186420
  },
  "ZstarTophi125A60To4Tau": {
    "xs": 0.3604,
    "evt": 184600
  },
  "ZstarTophi160A80To4Tau": {
    "xs": 0.1361,
    "evt": 185188
  },
  "ZstarTophi110A160To4Tau": {
    "xs": 0.0922,
    "evt": 186498
  },
  "ZstarTophi250A70To4Tau": {
    "xs": 0.04007,
    "evt": 187008
  },
  "ZstarTophi180A140To4Tau": {
    "xs": 0.04938,
    "evt": 185834
  },
  "ZstarTophi125A125To4Tau": {
    "xs": 0.1256,
    "evt": 186144
  },
  "ZstarTophi160A140To4Tau": {
    "xs": 0.06333,
    "evt": 186542
  },